x,y,kelas
1.173375,4.570637,0.0
0.19596057,3.5046039,0.0
0.12140047,2.163783,0.0
-1.1701825,3.8827715,0.0
-0.42440334,0.53464067,0.0
0.29879513,2.2762134,0.0
-2.4039533,2.0744796,0.0
-0.32667944,2.34249,0.0
1.4257135,5.169389,0.0
-0.5194256,2.6670842,0.0
0.43751708,4.1959105,0.0
0.3478606,2.806876,0.0
0.34257063,3.5204203,0.0
-0.09571802,4.9789643,0.0
1.001153,4.063663,0.0
-0.291031,4.645835,0.0
-0.14167812,2.259044,0.0
-0.9111094,1.273457,0.0
0.13861904,4.8583355,0.0
1.5171145,1.6609775,0.0
0.18889928,2.9528894,0.0
-1.1032518,3.214075,0.0
-0.7586559,2.6260293,0.0
-0.37209707,2.4803462,0.0
1.039643,4.0089426,0.0
0.10846365,2.7189035,0.0
0.84295344,3.736615,0.0
-0.37301484,3.2538357,0.0
0.08128571,3.677695,0.0
0.53496045,4.491315,0.0
0.34433907,1.9697614,0.0
-2.2571282,2.1260717,0.0
0.05255376,2.3457549,0.0
-0.73432094,3.129711,0.0
0.09167691,2.804247,0.0
0.81958354,3.3044565,0.0
2.4802969,3.7659962,0.0
0.14374386,3.443023,0.0
-0.5559106,2.5610275,0.0
-0.98709524,3.4024556,0.0
0.34006733,2.9094357,0.0
1.0343282,4.127677,0.0
-0.7165522,1.3549972,0.0
1.2597357,3.710183,0.0
-0.42523018,3.1569765,0.0
0.678544,4.268405,0.0
-0.40059158,2.1367273,0.0
1.9849851,3.0539386,0.0
-0.0936047,4.9140434,0.0
3.9440918,5.3645363,0.0
0.15206902,2.3099253,0.0
-0.33834282,4.0934687,0.0
0.94297194,4.4815335,0.0
0.36222574,2.556234,0.0
0.11103535,2.016294,0.0
0.5995649,3.3907018,0.0
0.3174776,4.264813,0.0
0.08226189,3.581229,0.0
0.1620411,4.0452647,0.0
-0.45441806,3.307973,0.0
0.17524225,3.9874895,0.0
1.3102835,3.8455687,0.0
-1.3350341,1.7699432,0.0
0.3124126,2.1839044,0.0
0.0343487,0.7992273,0.0
-1.2521502,2.7393587,0.0
0.6650087,3.3380542,0.0
0.10712997,4.2359796,0.0
-0.54085714,4.2502193,0.0
0.653739,2.9483426,0.0
-0.8109121,3.52517,0.0
0.011824612,1.6787556,0.0
-0.64485276,1.9204506,0.0
-1.0393914,1.5529666,0.0
0.7963859,4.1640716,0.0
0.46661887,3.8020701,0.0
0.99547553,1.9492685,0.0
-0.08500202,2.721703,0.0
2.1331837,2.9825783,0.0
0.78147817,2.7339776,0.0
-1.1665683,2.873257,0.0
0.749701,3.571344,0.0
-0.1211253,2.8196592,0.0
1.0409402,3.0766006,0.0
0.8223703,2.3152297,0.0
-0.9674762,3.7216277,0.0
-0.54355794,3.2100995,0.0
2.0524135,4.657479,0.0
0.19691473,2.7350307,0.0
-0.22045046,4.88052,0.0
0.35328725,2.807462,0.0
0.85002613,3.629712,0.0
1.4632252,2.7136116,0.0
-0.75308746,2.4222114,0.0
-0.31209713,1.9032027,0.0
1.1613333,2.0178359,0.0
-0.47265747,3.5385094,0.0
2.009883,3.2194693,0.0
1.1032677,4.106339,0.0
0.5534096,3.455026,0.0
-0.26454645,2.4620066,0.0
1.192659,4.9365554,0.0
0.39564237,1.5893264,0.0
-2.1057527,1.3834777,0.0
1.1624426,3.3768797,0.0
-0.23448235,3.8640242,0.0
-2.092003,2.0548913,0.0
0.34334615,2.3441439,0.0
-1.236389,1.8640847,0.0
-0.99778616,3.0022466,0.0
-0.9651612,1.5488684,0.0
-1.3227664,1.3925287,0.0
-0.23236175,3.4851959,0.0
1.3418015,4.5760903,0.0
-1.8431655,3.0033665,0.0
0.15500951,2.5051515,0.0
1.5019466,2.4733331,0.0
-1.3726976,3.3741827,0.0
0.41798225,2.9426935,0.0
-0.15387428,2.7558875,0.0
0.23461594,3.476836,0.0
-0.4857802,3.5401773,0.0
0.30563465,3.1011384,0.0
0.39323023,4.0836906,0.0
-0.3892691,2.6584313,0.0
1.6017075,4.0015464,0.0
0.76985526,2.887371,0.0
0.44526455,3.9008157,0.0
-0.81555074,2.3435397,0.0
-1.3645313,1.5764518,0.0
0.42076775,1.8932085,0.0
-0.68749285,2.5049002,0.0
-2.519468,2.4844987,0.0
0.36990952,2.6357484,0.0
-3.1464443,2.4833689,0.0
1.4155926,3.950087,0.0
0.34777513,2.2715635,0.0
-0.86453074,3.754025,0.0
0.15302953,3.9151018,0.0
-0.35002068,2.7000406,0.0
-0.33401215,3.0272837,0.0
-1.1144998,3.1170092,0.0
-1.197299,2.3207517,0.0
-2.3039708,2.2923672,0.0
0.62434983,2.955335,0.0
-0.31362736,3.5154843,0.0
-2.0446887,2.80199,0.0
0.9265485,3.6639197,0.0
2.6739776,5.3519864,0.0
-1.6245723,1.122139,0.0
0.80510575,3.6198902,0.0
0.5486715,4.198184,0.0
-1.460906,2.4008958,0.0
-0.37359348,4.4823003,0.0
-0.55222434,3.016777,0.0
0.40965256,3.3072,0.0
-0.2867419,3.3479614,0.0
-0.33755347,3.3374898,0.0
-1.1389208,2.716276,0.0
0.28993434,1.7139367,0.0
1.3447742,3.9905903,0.0
1.4546368,3.142189,0.0
0.7098808,3.6442862,0.0
-0.81334436,2.9581273,0.0
0.5143486,2.5363698,0.0
0.1322273,3.2760236,0.0
-0.9317438,1.6654516,0.0
-0.02200271,2.3577702,0.0
-0.6284349,1.5172544,0.0
0.44816574,2.9395676,0.0
-1.2209717,2.9294937,0.0
-0.8645104,0.9466715,0.0
0.27024868,2.9410367,0.0
0.27840516,3.137889,0.0
-0.3994353,1.2936918,0.0
-0.10746311,2.2534232,0.0
0.8663653,3.1086388,0.0
-0.31943673,1.9274597,0.0
-1.157535,3.051685,0.0
0.3535289,3.3594987,0.0
-0.49129933,2.033578,0.0
-0.14243199,2.7160223,0.0
0.24584973,3.5931904,0.0
-1.2667968,2.322248,0.0
-0.6004183,2.7475784,0.0
0.44945928,4.398661,0.0
-0.5221688,0.35859528,0.0
0.2124356,3.3300784,0.0
-0.664068,2.429728,0.0
-0.6700084,3.8176568,0.0
-0.71909606,3.6749122,0.0
-0.412205,3.333777,0.0
-0.5259539,2.609391,0.0
-0.063490845,4.27839,0.0
-0.45359936,2.3775258,0.0
-0.8178762,2.715758,0.0
-0.14287649,3.185951,0.0
-0.8060781,3.1926343,0.0
0.5842985,2.8216436,0.0
-0.042948853,2.7190466,0.0
0.8790709,4.9363723,0.0
-1.6941087,1.1071718,0.0
-0.72478056,0.93223,0.0
1.3144569,4.152445,0.0
2.4026785,4.621899,0.0
-1.4542748,2.3474104,0.0
1.6801473,3.6620703,0.0
-0.7210055,2.8418343,0.0
-0.7710063,0.8852349,0.0
-1.312325,3.1406474,0.0
-0.29682267,2.559053,0.0
1.1785375,5.9270124,0.0
-1.342116,1.7377136,0.0
-0.7635125,2.6130652,0.0
1.4069209,4.469449,0.0
0.6158029,3.3527167,0.0
-0.038787868,4.5427394,0.0
0.81629616,3.1475842,0.0
-0.20796995,3.578594,0.0
-1.0789843,2.3628588,0.0
-0.28274763,5.155219,0.0
0.45656568,4.027121,0.0
1.9127845,1.9719474,0.0
-1.1036603,3.0610642,0.0
-0.25866824,3.0785005,0.0
-0.9505821,3.6014369,0.0
0.19759798,2.920354,0.0
0.7662284,2.5314791,0.0
-0.57387084,2.8548145,0.0
-1.0469804,3.2476153,0.0
0.7653468,2.2041686,0.0
1.0342013,2.9590082,0.0
-1.109736,1.6077421,0.0
-0.6771943,1.839079,0.0
-0.16772431,2.9312046,0.0
0.24461208,2.7766893,0.0
-0.35427102,3.0770614,0.0
-0.11844425,3.4350092,0.0
1.7240354,5.0786304,0.0
0.20642377,3.2525117,0.0
0.2679539,2.471055,0.0
-0.23116793,3.1625495,0.0
1.1096836,3.7372215,0.0
-2.384586,0.3302468,0.0
0.83298075,2.900727,0.0
0.08977702,4.8198414,0.0
0.7490871,3.2886248,0.0
1.1976509,4.2914724,0.0
-1.2185296,1.273018,0.0
-0.36435756,1.5552578,0.0
0.72777677,3.6515706,0.0
0.40121573,2.4828749,0.0
-0.47039825,1.9797541,0.0
0.33001366,2.414952,0.0
0.28891477,4.121769,0.0
2.1128182,4.744254,0.0
-0.357031,2.0958283,0.0
0.55623406,2.1500282,0.0
0.45124266,4.4470615,0.0
0.5150621,4.414702,0.0
-0.9776146,1.9795179,0.0
0.9145962,3.4317133,0.0
-0.33925155,2.4240804,0.0
-0.43677413,2.1893406,0.0
-0.8473372,1.3518456,0.0
0.58787316,2.4209929,0.0
0.4876772,3.9023688,0.0
0.13158013,2.7406619,0.0
0.22861338,2.17046,0.0
1.0056185,4.2044272,0.0
1.0452659,4.222285,0.0
-0.6000329,1.7849994,0.0
-1.4541132,2.8000195,0.0
0.16138646,3.179675,0.0
-0.8440769,2.3724341,0.0
0.72077584,4.643886,0.0
-0.18959881,4.118664,0.0
-0.7283498,3.1269517,0.0
0.29895723,2.0294242,0.0
1.4963483,3.4249985,0.0
0.008946153,3.756468,0.0
-0.062282488,2.3521788,0.0
0.9437756,3.0296013,0.0
-0.11448288,1.5969912,0.0
1.0582631,3.6242328,0.0
1.484549,3.4655418,0.0
-0.12363426,1.3491961,0.0
0.120444424,2.6885123,0.0
-1.3521264,2.4929166,0.0
-0.055878337,2.4340398,0.0
-1.1998905,3.621546,0.0
0.722791,3.0859435,0.0
-0.09277825,3.1223137,0.0
-1.5688679,1.7390686,0.0
1.1070805,2.4479506,0.0
-0.97032744,3.195291,0.0
0.5859946,2.741942,0.0
-0.9203993,2.8884985,0.0
-0.8264878,1.9682597,0.0
-1.6045479,1.9462916,0.0
0.7129098,4.866624,0.0
-1.0808796,3.477349,0.0
0.3434376,2.554604,0.0
0.8670799,3.4366102,0.0
0.9320679,2.1974244,0.0
0.5706041,4.7068334,0.0
-0.2088652,3.618943,0.0
-0.810921,3.9806266,0.0
1.8087707,2.869973,0.0
0.76241475,3.366437,0.0
-1.1393987,1.6555309,0.0
-1.0528811,2.0935328,0.0
-0.06499921,3.5728884,0.0
1.3993636,4.7219667,0.0
-0.05790386,2.0496085,0.0
-0.91728944,3.334394,0.0
-1.398482,3.260471,0.0
-0.4453098,1.6244329,0.0
-1.8672576,0.4084971,0.0
0.17581795,3.3657951,0.0
-1.0978525,3.525039,0.0
0.4915789,4.1162567,0.0
-0.7537126,3.002708,0.0
-1.2178992,2.6635356,0.0
0.11010625,4.479759,0.0
-0.25242755,3.4234197,0.0
0.3380318,2.8761177,0.0
0.5459636,2.864032,0.0
-1.4869468,0.7874538,0.0
-2.134736,3.608374,0.0
0.9436224,3.7382727,0.0
-1.1735039,2.3182008,0.0
0.5419298,3.1737192,0.0
-1.8442745,1.81267,0.0
1.4532355,3.2154224,0.0
0.55010504,2.6268048,0.0
-0.1826792,3.2531726,0.0
-0.4846048,2.5796278,0.0
0.29419097,3.5457242,0.0
-0.94576186,2.9656618,0.0
-0.203601,4.0137916,0.0
-0.87489855,2.3552058,0.0
-0.47618777,2.4510531,0.0
-0.56810176,1.785188,0.0
0.26707643,2.3399017,0.0
-0.8930857,3.6015177,0.0
0.3305963,2.4168143,0.0
0.55303043,4.2525473,0.0
0.3210732,1.9946312,0.0
-0.9516455,2.6594834,0.0
-1.1524652,3.9498768,0.0
0.0714573,1.6877594,0.0
0.45747817,3.359761,0.0
1.2302322,4.0990696,0.0
-0.56242883,2.023023,0.0
-0.0327043,3.1404572,0.0
-0.4134787,4.1792603,0.0
-0.7097191,4.3505826,0.0
0.768274,3.4213529,0.0
0.13873202,3.8726122,0.0
-0.032526545,1.4962305,0.0
0.47100416,3.3377595,0.0
-0.5807823,1.03581,0.0
0.85232085,2.0644276,0.0
-0.9622337,1.9225214,0.0
0.6127189,4.0675797,0.0
-1.3614949,1.5205021,0.0
-0.19878358,3.538084,0.0
1.7787361,4.1555824,0.0
0.21547134,3.1923838,0.0
-0.22779125,2.8666031,0.0
0.44746503,2.110152,0.0
-0.03081998,2.5273356,0.0
-0.8038755,1.8216397,0.0
-0.39731613,2.5240436,0.0
0.8732867,2.9908593,0.0
-0.41055545,2.3113463,0.0
0.57710403,2.816528,0.0
0.8174058,3.523234,0.0
0.47353783,3.65925,0.0
0.8170606,3.094242,0.0
-0.14580907,0.9526273,0.0
-1.0241085,2.3377097,0.0
-0.69767904,3.2946024,0.0
-1.1577389,1.884188,0.0
-0.4915228,3.3674011,0.0
1.2022209,2.8563523,0.0
1.135064,5.200452,0.0
0.8639655,4.380286,0.0
0.07592124,3.0743454,0.0
-1.0175675,1.9472818,0.0
0.053508837,2.7349286,0.0
0.21018702,3.4904091,0.0
-0.0820231,4.102702,0.0
0.30189484,4.4109783,0.0
-1.1784112,2.7912486,0.0
-0.66320235,2.227169,0.0
0.079155445,3.1575167,0.0
0.38689762,4.5191584,0.0
-0.4641516,2.0158494,0.0
2.4735723,4.4554834,0.0
-0.54371256,3.8915398,0.0
0.11628553,3.7453659,0.0
0.2980558,3.611552,0.0
-2.8180342,4.1690125,0.0
-0.35255083,2.7248054,0.0
0.33297405,2.7956157,0.0
-0.6128213,2.436748,0.0
-0.7509604,2.764255,0.0
0.2844714,3.3429418,0.0
-0.17954127,1.8083861,0.0
-0.35644677,3.3777857,0.0
-0.53532505,3.3394902,0.0
-0.84662795,4.2959285,0.0
-0.57834697,4.34651,0.0
1.6760919,4.2073665,0.0
0.5876553,3.9891741,0.0
-0.27751902,1.2015188,0.0
0.114880644,1.8250188,0.0
-0.13515249,2.9428682,0.0
0.9981238,4.6288247,0.0
-0.38342136,3.3900595,0.0
-0.77983874,2.818385,0.0
-0.22714326,2.5512805,0.0
-0.06333085,3.3056707,0.0
1.51339,3.8746047,0.0
-0.9154224,1.8882326,0.0
0.7681466,4.4178314,0.0
3.4520974,5.7090898,0.0
1.4703745,2.6734507,0.0
0.10833711,2.7096188,0.0
-1.1135718,2.270774,0.0
0.33863044,2.9313142,0.0
-2.3328776,1.0131125,0.0
-0.7434819,2.0098104,0.0
0.1703618,3.6679225,0.0
0.11431694,2.8322923,0.0
1.1031392,3.447606,0.0
-0.32428375,2.757401,0.0
0.7828053,5.160636,0.0
2.155285,5.4101834,0.0
-2.0320318,2.2992089,0.0
-0.96368235,2.3036392,0.0
0.09444994,3.3339477,0.0
0.4750812,3.663102,0.0
0.15501297,3.3923776,0.0
1.2566392,4.216689,0.0
1.7481958,3.9489892,0.0
0.23122588,4.617046,0.0
2.0274603,4.625492,0.0
-0.6860594,3.0606866,0.0
0.43438396,0.53963655,0.0
-1.1349906,2.5504189,0.0
0.5273136,2.2311893,0.0
0.65502846,3.883408,0.0
0.86751366,3.384768,0.0
0.64427453,2.8796427,0.0
1.30583,3.430332,0.0
-0.4258556,1.5194494,0.0
-2.0959098,3.7400067,0.0
0.5101406,2.781654,0.0
1.1472108,5.1886477,0.0
-1.7471832,2.8393106,0.0
-0.4031377,1.624704,0.0
1.0496953,-0.32299942,0.0
0.84713686,4.272938,0.0
1.337425,2.7335734,0.0
0.6489053,4.424761,0.0
-0.7788182,1.9040525,0.0
-1.2989506,2.3740284,0.0
1.2737653,3.8585541,0.0
0.6389972,3.4235656,0.0
1.6943033,5.6508036,0.0
-0.49132177,2.0093496,0.0
0.5443545,2.8499937,0.0
0.56029266,2.5760329,0.0
0.9661655,3.647916,0.0
1.19223,2.683761,0.0
-0.35490453,1.4575073,0.0
-0.5204451,3.1250575,0.0
-1.0855917,1.7645717,0.0
-1.5514071,1.8417063,0.0
-0.0027759378,1.5727539,0.0
1.560213,3.119836,0.0
-0.48821366,2.4217374,0.0
-0.40635014,3.587473,0.0
-0.15746081,3.3499296,0.0
0.83102065,3.8474412,0.0
-1.0614723,1.9001864,0.0
-0.17559762,2.2499104,0.0
0.53328913,3.2253687,0.0
-0.87765646,2.5827188,0.0
0.35142472,4.0331426,0.0
0.7398803,3.442531,0.0
0.9347629,3.5594015,0.0
-1.8339335,1.4832717,0.0
0.210539,2.7154646,0.0
-0.38982475,2.3370366,0.0
-1.898136,2.640815,0.0
1.0992794,2.4151168,0.0
-0.24749596,1.9833702,0.0
1.0935261,2.6851037,0.0
-0.5271081,2.4711416,0.0
0.121884495,2.470347,0.0
0.3555484,2.306981,0.0
0.17529772,3.108979,0.0
0.90039235,4.020833,0.0
-0.50819707,3.842307,0.0
1.6419169,5.1585255,0.0
0.94248146,2.9858086,0.0
0.15723014,3.1793678,0.0
-1.1111584,2.521808,0.0
1.2831669,2.4126496,0.0
-0.56913465,2.4230962,0.0
-0.489339,4.2489877,0.0
0.7332643,2.3827262,0.0
-0.53900063,1.8755051,0.0
0.9661244,4.086812,0.0
-0.9637762,2.657889,0.0
0.13688791,2.5649207,0.0
-0.43292803,3.3084607,0.0
1.1741611,2.8846414,0.0
-0.6195733,2.1922803,0.0
-1.3788337,2.5783896,0.0
0.69148266,1.7902129,0.0
-0.12902427,2.840559,0.0
-0.18830593,3.226829,0.0
-0.017511602,3.422982,0.0
-0.2524987,3.3828993,0.0
-0.74699295,1.3594599,0.0
-0.61305845,2.656738,0.0
0.5052235,1.9859235,0.0
-0.7177803,1.8319708,0.0
-0.4951958,1.7185421,0.0
0.2645166,3.3776236,0.0
-2.0149977,3.4612887,0.0
0.68694246,4.226489,0.0
-0.26526958,2.4727056,0.0
-0.19793874,3.6336093,0.0
0.8383349,2.971051,0.0
1.6499053,4.7641315,0.0
0.8427788,4.6328316,0.0
0.079598054,2.0696952,0.0
0.268729,3.436389,0.0
1.2322845,3.702392,0.0
0.025620783,5.0847845,0.0
0.20933183,2.7055552,0.0
1.2903448,2.6047163,0.0
-0.12222584,3.0246742,0.0
-1.8053943,1.6848649,0.0
0.12072664,4.0214286,0.0
1.5722727,4.6832695,0.0
-1.3364824,2.6611438,0.0
0.13036163,1.8394256,0.0
0.69367677,2.8983517,0.0
2.0486672,2.758738,0.0
-0.5332388,3.451959,0.0
-1.0731614,2.4115314,0.0
0.9754044,2.940332,0.0
-0.26010936,3.5110538,0.0
0.39303333,3.073577,0.0
-0.3270609,2.8861434,0.0
0.054172058,3.5486307,0.0
1.1488832,3.4712322,0.0
0.70370525,2.337369,0.0
0.00937544,0.90402126,0.0
-0.647623,1.3195719,0.0
-0.4508836,1.998904,0.0
-1.1470944,1.772447,0.0
0.78780746,4.20304,0.0
-0.607352,2.4348147,0.0
-0.31266558,4.7103167,0.0
0.47715023,4.6647544,0.0
-2.1362464,0.84534633,0.0
0.6494507,3.631584,0.0
-0.2047831,2.9949882,0.0
0.50510657,2.0292885,0.0
-0.36782655,2.2311594,0.0
1.3014772,3.0443158,0.0
-1.1516681,1.2894841,0.0
-1.514287,3.928507,0.0
-0.8711793,3.5381453,0.0
0.015662348,3.0430574,0.0
0.15521033,3.7591105,0.0
-0.94603986,1.4994067,0.0
-0.95125306,2.3097024,0.0
0.16371545,3.9853332,0.0
-1.4090127,0.5601127,0.0
0.15209505,2.2383626,0.0
0.27280405,2.998757,0.0
1.1227956,3.010337,0.0
-1.042302,2.5202835,0.0
-0.4557669,2.8098676,0.0
0.4516704,3.0676975,0.0
0.36633274,4.027428,0.0
0.3102362,4.569285,0.0
-0.29872262,2.3240154,0.0
1.0478189,2.7601635,0.0
-0.21680102,3.448218,0.0
0.15405536,2.921042,0.0
-1.2019285,2.6235616,0.0
1.1228714,3.7462258,0.0
0.7474744,1.8799256,0.0
-1.0687863,2.1752381,0.0
-0.3638147,2.040888,0.0
-0.13554528,3.4011314,0.0
1.7658564,2.333344,0.0
0.86376584,4.070138,0.0
0.95596236,3.1834893,0.0
-0.6233397,1.7322495,0.0
-0.29995814,1.6068923,0.0
0.44692376,2.9541206,0.0
-0.20842603,4.128934,0.0
-0.19811335,4.3835773,0.0
-0.3527837,1.7323606,0.0
-1.4393551,3.601607,0.0
-0.22756018,2.8555286,0.0
-0.7476327,3.436105,0.0
0.9148179,4.1123705,0.0
1.6209819,3.0312963,0.0
-0.2919872,2.793867,0.0
0.014063879,2.9154003,0.0
0.44931185,2.5726016,0.0
-0.22918667,3.9029756,0.0
-0.23256816,4.160542,0.0
-1.7403585,2.1988237,0.0
-0.7151298,1.2580891,0.0
-1.251912,1.667585,0.0
-0.858265,2.735971,0.0
-0.13127777,2.9021158,0.0
0.54511344,4.895067,0.0
0.75135887,3.0559316,0.0
-0.87218183,3.1249516,0.0
0.44751573,2.069349,0.0
2.6657777,3.6737552,0.0
1.0259095,2.1598408,0.0
0.5979659,2.7701974,0.0
-0.2488239,3.316105,0.0
-1.5048028,2.6818745,0.0
-0.5941091,3.9275718,0.0
0.30762565,2.968251,0.0
-0.37083033,2.1432698,0.0
0.26586083,3.6881404,0.0
-1.434919,0.7638397,0.0
0.039215315,3.812984,0.0
0.49861893,3.945599,0.0
-0.6552444,3.7075603,0.0
0.063540034,3.5060134,0.0
0.2667628,4.529165,0.0
-0.7995167,1.969866,0.0
0.74857646,4.1404705,0.0
0.41074622,3.8816173,0.0
-0.5514277,3.5003033,0.0
-0.41179118,2.0049121,0.0
4.067225,4.742796,0.0
0.30877742,4.690735,0.0
1.6308804,3.6616518,0.0
0.40108722,2.045061,0.0
0.33983466,4.290199,0.0
1.3781933,3.877098,0.0
0.1356941,3.8752182,0.0
1.6160823,4.8612833,0.0
1.1249352,3.8195667,0.0
-0.9668853,2.3154209,0.0
1.0554199,4.432087,0.0
0.9679709,3.3014297,0.0
0.5140231,4.629559,0.0
-1.1286267,1.7468933,0.0
0.44562405,1.3451253,0.0
0.15418124,3.2634099,0.0
-1.490493,1.235535,0.0
-0.5148379,2.896945,0.0
-1.0225911,2.4012184,0.0
1.4803076,3.70734,0.0
-0.17927174,3.7719946,0.0
-0.60707533,2.8008008,0.0
0.7511941,2.4342568,0.0
0.92059886,3.37463,0.0
-0.86142313,2.5061913,0.0
-1.2378944,3.6295152,0.0
-0.38452816,3.9853394,0.0
0.2600763,4.815156,0.0
-1.7026689,2.523703,0.0
0.48125356,3.8455372,0.0
1.5742964,4.0792894,0.0
0.23544094,3.6717641,0.0
0.006114858,2.3555052,0.0
0.825668,4.00385,0.0
0.993978,3.92012,0.0
-0.7642957,2.0123787,0.0
-1.0632739,1.3215162,0.0
-0.94200927,2.7141109,0.0
0.3777685,2.553096,0.0
1.0486964,4.8820252,0.0
-0.2654701,2.670445,0.0
2.4993181,3.902031,0.0
-0.018057488,4.3768477,0.0
0.90272737,4.3674383,0.0
0.057340916,1.9590888,0.0
-0.4082038,3.0089836,0.0
0.4647761,4.133819,0.0
1.5099727,3.6089818,0.0
0.08095874,4.422113,0.0
0.3224836,3.5972142,0.0
0.27801946,3.1288652,0.0
-0.61314404,3.4127557,0.0
-1.0132579,1.529182,0.0
-0.95270705,2.376557,0.0
0.1324193,2.2530916,0.0
0.4762854,2.713934,0.0
-0.3741815,2.2600412,0.0
1.0413059,3.2001984,0.0
1.2144892,4.7860494,0.0
2.027609,2.0960011,0.0
1.7517583,2.7342784,0.0
1.1508105,3.9473224,0.0
0.14655429,3.8881867,0.0
-0.8338972,1.286045,0.0
-0.41674754,3.1355948,0.0
0.5078156,1.6020193,0.0
-1.4622465,2.4834602,0.0
-0.7188619,1.3711176,0.0
-1.3046168,2.2194958,0.0
-0.40635723,2.1648326,0.0
-1.1577905,2.766189,0.0
-1.2673504,1.3873801,0.0
-1.1384627,2.46591,0.0
-1.0475645,3.0965788,0.0
1.0083956,3.8100128,0.0
-1.0343728,0.9634516,0.0
1.1897898,3.7120185,0.0
-0.21908924,2.8123817,0.0
-1.4636357,2.0105932,0.0
-0.92505425,1.4575865,0.0
0.95844644,2.1497867,0.0
-1.0271617,2.8841753,0.0
-0.5912537,1.6546221,0.0
-3.067359,0.27650663,0.0
0.67619675,3.3079646,0.0
1.8219492,3.9537044,0.0
0.24583644,3.5598135,0.0
-1.0505704,2.454521,0.0
0.42557964,2.7939675,0.0
-0.05759223,5.0147743,0.0
-0.089876704,3.1037993,0.0
-2.4465008,2.5929308,0.0
0.36623764,3.670597,0.0
0.76984835,4.4683185,0.0
0.093916945,4.157792,0.0
1.1302624,4.603578,0.0
1.8238447,2.8829517,0.0
-1.2291539,3.2261515,0.0
0.926373,2.8703904,0.0
-1.2036506,2.3859956,0.0
1.3452928,2.7764463,0.0
1.2774794,3.8033786,0.0
-0.9730125,3.039745,0.0
-1.8877604,1.0708587,0.0
0.24574254,4.566808,0.0
-1.653168,0.80057806,0.0
-0.66196936,3.28014,0.0
1.6014183,4.238502,0.0
-0.46086657,2.8800967,0.0
0.26626226,2.489902,0.0
-1.1347232,5.085004,0.0
0.8390483,3.057149,0.0
-2.330941,0.03434336,0.0
0.08664965,2.2924328,0.0
1.9524889,4.1949987,0.0
-1.0941731,2.4958804,0.0
0.066802725,3.0277743,0.0
0.23011455,5.417442,0.0
2.1367724,1.8194945,0.0
-0.7246331,2.6302204,0.0
1.3755804,2.3843925,0.0
0.39829352,4.6938987,0.0
-0.9133917,3.016587,0.0
-0.5531669,3.252443,0.0
-1.0177587,2.706481,0.0
0.09793122,3.8632908,0.0
-0.5701894,3.4561536,0.0
-0.8803875,2.2974668,0.0
1.0408479,3.8506353,0.0
-1.0581316,3.9870338,0.0
0.832808,3.9128926,0.0
-0.6029238,3.8656232,0.0
0.6456083,3.3004906,0.0
-0.79696405,4.0975847,0.0
1.5801116,3.4313214,0.0
-1.8984566,1.8173124,0.0
0.68777716,2.1625745,0.0
0.25383854,3.0631552,0.0
0.07285431,2.3054235,0.0
-1.1567386,2.7552571,0.0
0.12817298,3.0089118,0.0
-1.3579543,2.7157137,0.0
0.8995028,3.8849473,0.0
-0.6601142,2.2965748,0.0
0.9119185,3.6826406,0.0
0.36130154,3.5615375,0.0
-0.63885504,3.2979498,0.0
1.0311211,4.269106,0.0
0.35149062,3.5291274,0.0
-1.1151987,3.0756025,0.0
-1.1830841,2.2676392,0.0
-0.763902,1.9975725,0.0
2.4224253,5.367826,0.0
-1.0424554,2.8876176,0.0
2.2599096,4.659378,0.0
-1.9490865,1.6688459,0.0
-0.2248168,3.7171574,0.0
-0.8691349,3.2616448,0.0
-1.4880148,4.1203938,0.0
-0.7775064,2.5060408,0.0
0.2783095,2.9292667,0.0
-0.38933223,2.6390111,0.0
0.15625043,3.1737876,0.0
-0.95379514,1.5064216,0.0
-0.23179565,2.8765533,0.0
0.20216814,3.516161,0.0
0.41167736,3.9392624,0.0
-0.99975413,3.4015331,0.0
-0.30072197,3.2869742,0.0
-1.0824994,1.5050298,0.0
-0.61344314,2.5164185,0.0
-0.034001313,1.8643059,0.0
-0.42274997,2.023513,0.0
-0.8416983,2.6157055,0.0
0.27042642,3.6537879,0.0
-1.0025786,3.024629,0.0
0.34788778,3.1674712,0.0
-1.6011717,2.8707764,0.0
-1.010994,2.745687,0.0
0.66491884,2.9460232,0.0
2.43624,5.8116436,0.0
1.1957914,2.7186499,0.0
1.2466259,2.556579,0.0
0.776379,3.4887314,0.0
-0.54060745,2.2683306,0.0
1.3413326,4.135483,0.0
-0.28081912,2.334606,0.0
0.33133048,2.5733087,0.0
1.1277156,3.1200159,0.0
-0.52581614,2.0138404,0.0
-0.4752026,3.6482058,0.0
0.4956889,1.2740816,0.0
-0.9535491,3.781848,0.0
1.3846922,3.4670959,0.0
-0.76188743,2.1626046,0.0
0.9621804,3.3957636,0.0
1.3325442,3.7333198,0.0
1.9019909,3.915498,0.0
-0.87522894,2.3692315,0.0
-0.40601242,2.7486327,0.0
-0.728753,2.0584323,0.0
-0.49289536,1.9316314,0.0
0.9438771,4.9162364,0.0
1.3457532,3.9502032,0.0
0.22757101,3.2914388,0.0
0.08346239,4.298029,0.0
-1.2716463,3.3206017,0.0
-0.36349174,2.5409284,0.0
-1.6959534,2.119709,0.0
1.4065821,4.9127073,0.0
0.487528,3.3296416,0.0
-0.012388423,4.7491636,0.0
-0.5907969,2.189216,0.0
-0.5964634,2.4249468,0.0
1.046157,5.0446267,0.0
-1.074135,2.0893483,0.0
-1.794297,2.417932,0.0
0.0042007254,3.201735,0.0
0.62761694,2.1377358,0.0
1.875331,2.3694394,0.0
0.030361785,3.4719858,0.0
0.6036744,3.0079281,0.0
0.37305394,1.3307189,0.0
0.339626,3.0122402,0.0
-0.5151647,3.5790606,0.0
0.05579998,3.2074587,0.0
-0.06312547,4.5910907,0.0
0.5186409,2.551761,0.0
-0.56302434,3.2901218,0.0
0.30043954,2.7348506,0.0
0.0115756765,2.130428,0.0
-0.85127974,1.4313378,0.0
-1.854187,1.0682296,0.0
1.0670003,1.8809882,0.0
-0.808335,2.840162,0.0
0.101487376,3.3555968,0.0
-0.5770056,2.3025773,0.0
1.2006544,3.9892817,0.0
-0.81520015,1.6670538,0.0
0.17661744,4.0290575,0.0
-1.2235079,3.9053965,0.0
-0.08988683,2.8089767,0.0
-0.37790188,2.0221322,0.0
-1.7337936,2.1340444,0.0
1.3680471,3.7700508,0.0
-0.25883636,2.5961616,0.0
1.7218277,3.2722054,0.0
0.45835432,2.9042962,0.0
-0.33566913,3.5535915,0.0
-0.58399284,3.182319,0.0
-0.35326493,3.5221622,0.0
-0.88116723,2.9709256,0.0
0.012841721,3.0547125,0.0
0.5001729,3.149617,0.0
0.67609894,2.115246,0.0
-1.578534,2.6832745,0.0
1.2191625,3.3627384,0.0
-0.7939035,2.7599084,0.0
0.11897913,3.3856363,0.0
-1.5127572,2.0415895,0.0
1.8811541,3.4545875,0.0
0.23911431,3.5728698,0.0
0.29860556,1.9308792,0.0
0.84498686,3.5759847,0.0
-0.9550923,1.8543581,0.0
0.50167984,1.9649057,0.0
0.7090385,2.4479582,0.0
2.2057004,4.2474456,0.0
-0.2897372,3.238043,0.0
1.5563823,2.4801915,0.0
-0.51862055,2.9965744,0.0
-0.33410254,2.0332952,0.0
-0.09284421,2.3105257,0.0
-0.9581064,1.6648244,0.0
-1.4006457,1.6763288,0.0
0.41270465,2.6287427,0.0
0.78111,2.7079833,0.0
-0.5667897,3.528861,0.0
1.7469,3.4960093,0.0
0.77901524,3.0080357,0.0
1.7509557,2.1266804,0.0
0.92756945,4.2683268,0.0
-1.1783391,3.229731,0.0
-2.1754553,1.5195422,0.0
-0.23830132,3.266049,0.0
-0.229488,2.1557305,0.0
-0.9385396,1.1195716,0.0
-0.5339625,2.7501924,0.0
-0.13970222,3.6236963,0.0
0.38105017,3.79896,0.0
-0.10669737,1.8854532,0.0
-0.18431354,2.245013,0.0
1.0262258,3.3840022,0.0
-0.17732248,2.535697,0.0
-0.15929864,4.962057,0.0
-0.24467297,3.0707314,0.0
0.8332881,3.4073956,0.0
0.29495463,2.888432,0.0
0.69966817,3.586495,0.0
0.887712,3.6531312,0.0
-2.0155199,1.9628941,0.0
-0.6317999,2.7749178,0.0
0.60498494,2.8781204,0.0
0.29777426,3.392862,0.0
-0.6873891,2.5870895,0.0
0.6600915,5.3851357,0.0
-1.242245,2.9484766,0.0
1.290833,3.3815603,0.0
0.4369795,3.6901908,0.0
0.91144896,1.8869145,0.0
-1.5197443,3.0390816,0.0
-0.15458044,3.4933138,0.0
-2.0371192,1.2081188,0.0
0.11134089,2.8654118,0.0
0.4916399,2.959364,0.0
-0.70962,3.401668,0.0
-0.81464285,1.0661049,0.0
0.4724456,2.141578,0.0
-0.08434243,4.174186,0.0
0.67142683,2.7232554,0.0
-0.8614291,1.5050253,0.0
-0.34038654,3.4165146,0.0
0.025513446,2.060904,0.0
0.7033564,4.624776,0.0
0.83168435,2.8409333,0.0
0.529287,4.589989,0.0
0.28718963,2.6130733,0.0
-0.13202038,2.5198193,0.0
0.18061271,3.3590806,0.0
-0.8058918,1.3433175,0.0
0.6921452,1.646513,0.0
0.7260377,3.6950297,0.0
-0.56017435,2.4987485,0.0
-0.38670287,2.1836333,0.0
-1.881107,1.900223,0.0
0.2941153,2.8457775,0.0
0.34715337,2.4714038,0.0
-0.98555154,2.565837,0.0
0.35918555,3.4372108,0.0
3.1014771,4.7292986,0.0
-0.092803136,2.8399134,0.0
1.3846413,4.680937,0.0
-0.6671721,2.9248474,0.0
-0.9224987,2.2119827,0.0
-1.7879921,2.1193895,0.0
-0.5491211,3.7212064,0.0
1.9256836,-1.4774425,1.0
3.1272042,0.12304689,1.0
1.8340229,-0.25659543,1.0
2.687688,-1.600363,1.0
4.39547,1.4072762,1.0
4.5115747,-0.074238814,1.0
0.19100197,-0.6201859,1.0
3.1178217,0.59297127,1.0
2.7455006,0.27997947,1.0
4.4488645,1.1323209,1.0
4.7321453,1.979015,1.0
3.345104,0.26579094,1.0
1.6036882,-1.0275725,1.0
1.2233821,-2.135438,1.0
2.6052852,0.48909926,1.0
3.112386,-1.4642899,1.0
3.160946,-1.2878233,1.0
3.253793,0.6521678,1.0
4.643969,-1.4570078,1.0
4.020996,-0.113147706,1.0
1.8003472,-0.6184652,1.0
2.442175,-0.8494247,1.0
4.473109,1.01464,1.0
2.1328068,-1.43824,1.0
3.551747,-0.23503113,1.0
1.640071,-0.030908402,1.0
2.0833151,-0.36823887,1.0
3.0737019,-0.2898096,1.0
2.7423565,-0.29948246,1.0
3.7951622,1.089037,1.0
2.7719958,0.89504766,1.0
3.4882464,1.1477834,1.0
2.7455914,-0.942095,1.0
3.096886,0.95859957,1.0
3.8724382,0.52343863,1.0
4.519286,0.27913085,1.0
4.126618,1.5509284,1.0
4.2366056,1.1975744,1.0
4.0541472,1.6876398,1.0
3.308788,0.56646883,1.0
1.4430416,-1.8314457,1.0
3.6371071,0.58581656,1.0
2.6428654,-0.65584433,1.0
2.6065068,-0.31322664,1.0
3.4457688,0.24520603,1.0
4.1915593,1.5377828,1.0
2.9539487,0.16616702,1.0
2.8050234,0.516531,1.0
3.5702388,0.5523953,1.0
4.3612075,-0.6851148,1.0
2.282886,0.2655742,1.0
4.7197323,2.9034667,1.0
2.6187708,1.079983,1.0
4.51888,-0.675638,1.0
2.6436129,0.51253337,1.0
3.972919,-0.90453786,1.0
3.8313437,0.29953384,1.0
4.514967,2.316163,1.0
1.9960095,0.85229045,1.0
1.774065,-0.12161219,1.0
2.3642778,0.39600933,1.0
2.1709068,-0.45168495,1.0
2.8469899,-0.61959124,1.0
2.9806879,0.46109906,1.0
1.5489899,0.0422442,1.0
3.4802642,-0.86344254,1.0
3.1053405,-1.0380006,1.0
3.1761327,0.39100948,1.0
2.6759481,0.6984725,1.0
3.2111635,0.16817072,1.0
2.3219745,-1.4093213,1.0
4.349079,-0.85442775,1.0
3.0754209,0.5246487,1.0
4.9743295,1.3466733,1.0
3.7965393,-0.4874809,1.0
2.0370471,-0.09700557,1.0
3.159112,0.7874056,1.0
2.9951787,0.42341998,1.0
1.9837209,0.22307439,1.0
3.5606701,0.5875748,1.0
2.3588696,-0.5788002,1.0
2.093022,0.34167263,1.0
3.3679092,0.18204209,1.0
4.199462,0.122753575,1.0
3.1728008,-1.3322147,1.0
3.0315347,-1.0272064,1.0
2.2259033,-0.7911415,1.0
3.106698,-0.4046889,1.0
1.4944768,-0.4806804,1.0
3.141992,-1.8358898,1.0
3.0848753,-1.7920635,1.0
1.6729409,-1.001877,1.0
2.7815852,0.54279804,1.0
2.9002066,0.72901535,1.0
3.7236726,0.91545075,1.0
2.3656418,-0.5131545,1.0
2.6572328,0.36814103,1.0
4.136284,1.6212158,1.0
2.5279331,-0.43131846,1.0
3.0755792,0.64990216,1.0
1.6732949,-1.0435507,1.0
5.213287,0.41011342,1.0
3.4035823,-0.37238225,1.0
2.8272057,-0.15757225,1.0
2.3568509,2.3702786,1.0
1.1026263,-0.35426837,1.0
4.9110527,1.8214738,1.0
4.3372087,2.2115903,1.0
1.460705,-0.58391327,1.0
4.5265117,0.23489313,1.0
3.6032064,-0.29943034,1.0
3.1138196,0.21142814,1.0
3.9976149,-0.25276175,1.0
3.1632318,0.77834964,1.0
2.217728,0.5673014,1.0
4.512568,1.0631714,1.0
1.4632336,0.45568997,1.0
3.8594031,1.4073335,1.0
2.4990044,-0.8658911,1.0
2.4052713,0.3032744,1.0
2.49478,-0.6230743,1.0
2.9869974,0.2915566,1.0
3.6768174,-0.47847825,1.0
2.9218113,-2.2493083,1.0
4.190432,-1.452692,1.0
4.135977,0.79385537,1.0
1.9599704,0.6788621,1.0
3.0932584,0.4718062,1.0
1.8663379,-0.4386683,1.0
3.7262535,0.1510312,1.0
2.0930538,-0.9014817,1.0
3.5622418,-0.09025242,1.0
3.3603754,-0.25923544,1.0
2.965985,-0.7901876,1.0
2.811857,-1.1262821,1.0
2.4243793,0.9207928,1.0
3.0174072,0.46013698,1.0
3.3629863,0.5583557,1.0
3.6802137,1.3672441,1.0
4.682397,1.0828449,1.0
3.0220366,1.0343658,1.0
2.562187,-1.861477,1.0
3.9734042,0.5582493,1.0
1.132151,-0.5761472,1.0
2.6582975,1.0753437,1.0
1.7911146,-0.32692692,1.0
2.6497726,-0.7380696,1.0
4.713152,0.3387643,1.0
2.3638432,0.9985264,1.0
2.5197768,0.16366008,1.0
2.3323808,-0.4602171,1.0
2.4079375,0.5081909,1.0
2.3559346,-0.47447002,1.0
3.7858386,1.0455469,1.0
3.2462208,0.746378,1.0
0.7362828,-2.526013,1.0
4.698234,2.3449328,1.0
3.505478,0.27664375,1.0
3.3429964,0.18980858,1.0
3.5145452,0.41185305,1.0
4.718858,0.3267658,1.0
2.601561,-1.2075313,1.0
3.8760424,-1.1581682,1.0
2.4043467,-1.6819396,1.0
3.431823,0.44208908,1.0
4.2583466,1.2343521,1.0
2.894568,-0.50939506,1.0
5.5109787,1.1042749,1.0
3.756126,0.26677132,1.0
2.7497852,0.35748985,1.0
3.6594307,2.5827117,1.0
4.672293,0.29087338,1.0
1.1266868,-1.3654034,1.0
3.5687594,0.24340492,1.0
3.492805,1.4277291,1.0
2.256594,-0.34765613,1.0
2.9589756,-0.023256877,1.0
2.032768,-0.04128017,1.0
2.4350605,0.14841239,1.0
1.1110797,-0.8915809,1.0
2.945038,-0.6856357,1.0
2.0194666,0.24831548,1.0
2.2801745,-0.38227308,1.0
3.7318406,0.6073902,1.0
2.490329,-0.7282954,1.0
4.244226,-0.75082093,1.0
2.3276951,-0.012125474,1.0
1.6931926,1.5944909,1.0
3.655466,-0.67567515,1.0
2.461694,0.5575664,1.0
3.9828134,1.5285139,1.0
1.3115777,-1.2835548,1.0
3.0835495,0.839497,1.0
3.276465,0.21752307,1.0
2.6357436,1.2839544,1.0
2.0939693,0.07621165,1.0
2.573785,0.43091506,1.0
3.6143918,0.5445061,1.0
2.848832,0.21323211,1.0
3.2993236,-0.3914405,1.0
3.5527523,-0.9815184,1.0
3.9072227,-0.255097,1.0
4.049993,0.84007907,1.0
3.8109837,-0.27068946,1.0
3.6533508,0.63118416,1.0
3.431727,1.5312426,1.0
3.7359183,0.12576255,1.0
3.004962,-2.1601694,1.0
3.656754,0.5098478,1.0
3.707522,0.075346805,1.0
2.6433194,-0.26905587,1.0
3.7687445,1.1795641,1.0
2.0936506,0.26914564,1.0
5.0303664,0.85237044,1.0
2.5825968,0.2655408,1.0
3.952573,0.7302237,1.0
2.8770337,0.2788929,1.0
3.4821122,0.0017814592,1.0
3.1400728,-0.38896683,1.0
2.7764602,-0.044975143,1.0
4.9979677,2.063579,1.0
2.6070306,0.8542395,1.0
3.6374657,-0.29724798,1.0
1.9770259,-0.9156531,1.0
3.2332864,0.048570916,1.0
4.370152,1.9179375,1.0
4.232346,-0.06545035,1.0
4.585797,0.54368657,1.0
3.2098098,0.048741292,1.0
3.9501927,-0.0108184675,1.0
3.3811455,-0.35085902,1.0
4.511739,1.3004593,1.0
4.5113797,0.89190716,1.0
1.9380723,-0.6317853,1.0
2.4796546,1.3823448,1.0
4.401418,0.8981544,1.0
4.8224244,0.64142436,1.0
2.4414017,-0.1420512,1.0
2.705955,-0.008504812,1.0
2.0381074,-0.10881123,1.0
2.5581114,-0.066746175,1.0
2.6227841,-0.66375893,1.0
2.4326532,-2.0889122,1.0
3.2326252,-0.8261096,1.0
2.6096473,0.9570153,1.0
3.8117871,0.46421826,1.0
2.2024102,-0.83913904,1.0
2.7948608,0.7769785,1.0
3.187965,-1.2056929,1.0
3.7199829,-0.97314835,1.0
2.9631662,-0.055346936,1.0
4.7046285,0.4565874,1.0
2.4707432,-0.20812386,1.0
2.5063684,-0.7657875,1.0
3.833044,0.14876217,1.0
4.005576,1.735511,1.0
2.831968,0.7027677,1.0
2.4428687,-1.464902,1.0
4.419627,-0.57509,1.0
3.5814254,0.87328815,1.0
3.8928416,0.6273644,1.0
2.5938709,-0.48002645,1.0
3.6594863,-0.9260514,1.0
1.8613398,-0.7772397,1.0
4.336062,1.7743558,1.0
3.1777823,-0.53393537,1.0
1.8135538,-0.38502395,1.0
2.812695,-0.12877549,1.0
1.8407729,-0.34177265,1.0
2.9068537,0.30598685,1.0
2.408623,0.8727121,1.0
4.5999837,-0.040058956,1.0
1.8143156,-0.031668454,1.0
2.90814,-0.830321,1.0
1.596226,0.3495958,1.0
1.5405642,-0.7435767,1.0
3.0948017,0.5237878,1.0
4.029269,-0.7233318,1.0
4.9876065,0.33240113,1.0
1.8066776,0.74391824,1.0
4.2480416,0.14903082,1.0
2.1101856,-0.055972893,1.0
1.27266,-0.9939089,1.0
4.013404,0.3189919,1.0
1.7488618,-0.65231204,1.0
3.2030597,0.98077136,1.0
3.3879142,0.113233365,1.0
4.0941815,1.757943,1.0
5.932119,3.046154,1.0
4.0776424,2.3956044,1.0
2.3525965,-0.6164709,1.0
4.3806686,0.20828095,1.0
4.288459,1.788692,1.0
2.9957588,0.40828535,1.0
3.435111,-1.3555043,1.0
3.212566,1.024074,1.0
5.2817187,0.22233734,1.0
2.413874,0.65235,1.0
6.2199445,1.5772074,1.0
2.4784887,-0.7261631,1.0
2.7701225,-1.131484,1.0
3.3521054,1.5903195,1.0
3.109816,0.6364599,1.0
2.7134945,0.041722663,1.0
3.5361264,2.0193176,1.0
1.7458175,-0.5434149,1.0
1.853844,-2.2659512,1.0
3.9695272,1.9029522,1.0
3.598054,0.15132673,1.0
2.0540566,-0.8444453,1.0
4.7061863,0.29653138,1.0
1.4189147,-0.21730801,1.0
2.5473402,-0.96141243,1.0
2.753617,-0.32495177,1.0
2.3275075,1.8251015,1.0
2.2378182,1.1134902,1.0
2.2059438,-2.2974844,1.0
1.3140986,-1.4314305,1.0
3.0986953,-0.91762835,1.0
3.4298582,-0.74590945,1.0
4.3066945,1.4305207,1.0
2.718025,-0.8167365,1.0
4.2030377,0.3503336,1.0
6.120883,2.023618,1.0
3.263782,1.2617345,1.0
1.5143794,-0.45646548,1.0
2.129725,1.749885,1.0
3.5316024,-0.49626285,1.0
4.0630546,0.19708818,1.0
3.0930753,-1.9297833,1.0
5.7572784,0.7866386,1.0
2.8586843,-0.9233796,1.0
5.010632,-0.49690187,1.0
1.3340425,-0.54977006,1.0
3.27608,-0.62674206,1.0
2.4308069,0.606957,1.0
3.5073662,1.3706592,1.0
3.162343,1.1277616,1.0
4.665651,1.0232444,1.0
4.241663,0.27459314,1.0
4.115187,-0.6452063,1.0
3.811538,-1.4505174,1.0
3.4595115,0.71449065,1.0
2.557401,-1.1569215,1.0
4.0182266,1.5652701,1.0
2.3416486,-0.4355228,1.0
2.6702843,0.6634337,1.0
3.3192258,0.7545082,1.0
3.5288377,1.5441583,1.0
2.1135707,-0.98663044,1.0
1.7898124,-0.4655183,1.0
2.9034598,-0.8884715,1.0
2.0173776,0.16851169,1.0
2.4707952,1.8004779,1.0
2.1916516,-0.15373439,1.0
3.6948164,1.3579648,1.0
4.3427215,0.6493993,1.0
2.6327412,-0.70249325,1.0
3.4163275,1.9910929,1.0
2.49337,-0.5980546,1.0
3.163304,-0.5579086,1.0
2.7479334,0.07364969,1.0
1.1886318,-1.01304,1.0
2.77573,-0.6961096,1.0
3.724259,0.18549542,1.0
2.9262693,-1.1967167,1.0
3.8374555,0.486279,1.0
2.324684,-1.4066675,1.0
1.2036043,-1.075236,1.0
2.5021355,0.99945825,1.0
4.148621,0.31969348,1.0
1.4631019,0.24326794,1.0
4.048706,-0.09248772,1.0
1.6452299,-0.9085411,1.0
2.8549335,-0.6365234,1.0
1.3720013,-1.1633304,1.0
2.735509,-0.07148809,1.0
1.7213868,-0.71521705,1.0
3.1832016,-0.44647533,1.0
3.2006803,-0.03266219,1.0
4.3940573,0.16537794,1.0
2.6248667,-1.0723637,1.0
5.036913,1.3743249,1.0
2.6420164,0.350851,1.0
1.5077899,-0.21182686,1.0
4.1648397,1.1749679,1.0
3.1891315,-1.3244394,1.0
3.8901045,0.41192016,1.0
3.0604942,-0.031929232,1.0
2.439829,-0.7216794,1.0
1.9935162,-1.2277697,1.0
3.748841,0.9612909,1.0
1.9682949,0.559802,1.0
0.8516307,-0.4557304,1.0
2.6106386,-0.085150115,1.0
4.6326056,0.36720735,1.0
3.1483104,1.0585431,1.0
2.7673752,0.87131125,1.0
4.9472685,-0.06552716,1.0
3.0668063,-0.053856354,1.0
2.9938548,0.3046219,1.0
3.0985417,-1.1409062,1.0
3.9964643,-0.05356313,1.0
3.6002774,-0.332882,1.0
2.9599793,-1.272702,1.0
3.1062999,-0.07905182,1.0
3.9937687,-0.08902192,1.0
3.221484,0.24424455,1.0
3.2106633,0.051835977,1.0
1.6565596,-1.5120436,1.0
1.1442281,-1.7735052,1.0
3.024885,0.40642503,1.0
2.2958565,0.3358641,1.0
2.0835137,-0.23953497,1.0
4.31909,-1.4029574,1.0
2.648714,-0.2374543,1.0
4.210506,-0.25617468,1.0
3.164403,0.9479865,1.0
2.3094988,1.45612,1.0
4.2653556,-1.2304085,1.0
3.9306788,-0.21747132,1.0
1.8912488,-0.06137347,1.0
3.9054627,0.5720156,1.0
2.427809,0.8468685,1.0
2.0481706,0.35337985,1.0
3.5403092,0.020996436,1.0
2.285459,-1.1435924,1.0
1.4898762,-1.5757622,1.0
2.636433,-0.40335238,1.0
3.8320384,0.82546335,1.0
2.3778744,-1.6544234,1.0
3.6474562,0.08424029,1.0
1.4171003,-0.47114927,1.0
2.669119,0.43613994,1.0
3.7567706,0.19744678,1.0
2.675889,0.10858879,1.0
1.8841714,-0.17898329,1.0
3.1193426,-0.20976637,1.0
2.7535322,-0.8764586,1.0
3.4646645,-1.011681,1.0
4.1714983,0.043619704,1.0
4.4736543,3.0242143,1.0
4.193847,-0.80861366,1.0
1.9942539,-1.7008665,1.0
2.870446,-0.9635726,1.0
2.3400273,-1.3090872,1.0
3.8071945,-0.03279572,1.0
4.789921,0.63884044,1.0
3.3739686,-0.8969006,1.0
3.3409657,1.1389897,1.0
4.2722745,-0.4543299,1.0
2.3815024,-1.5246826,1.0
3.3099236,-0.65192217,1.0
2.1363082,-0.8835961,1.0
3.640431,1.4206861,1.0
1.8046297,-2.1401277,1.0
3.3892546,-0.8643775,1.0
2.7944293,-1.4716146,1.0
1.881236,-1.6050721,1.0
3.0341506,-0.4094187,1.0
3.718513,-0.44693103,1.0
-0.04607629,-1.4905521,1.0
2.099756,-0.042388488,1.0
3.2613769,-0.4010793,1.0
4.0832634,0.23206253,1.0
4.7761025,1.4550303,1.0
2.5293517,-0.026781468,1.0
3.318142,0.004765355,1.0
2.8573997,-1.0630519,1.0
3.8961685,-0.33348387,1.0
4.1781545,0.19527848,1.0
3.7708035,1.0098851,1.0
2.319614,1.0841846,1.0
1.9012693,-0.78331274,1.0
2.678608,-0.7155987,1.0
2.0890942,0.8273969,1.0
3.4624128,0.27539796,1.0
4.2975974,0.45914516,1.0
3.1433122,-1.9780927,1.0
4.281174,0.45517752,1.0
1.3595188,-1.4938586,1.0
3.6225944,1.2771844,1.0
1.4349606,-0.66230386,1.0
3.1263146,-0.14761229,1.0
3.4354587,0.14570081,1.0
3.1623516,-0.88104695,1.0
3.265547,0.5015349,1.0
2.9575365,0.14345612,1.0
0.9187081,-0.0019810959,1.0
2.8796866,1.2061492,1.0
4.070142,0.3616511,1.0
3.6973262,-0.46398294,1.0
3.372755,-0.449058,1.0
0.972517,-0.6876062,1.0
2.2043552,1.7530017,1.0
2.9511678,-1.5094048,1.0
1.5144364,1.2820331,1.0
0.7388708,0.5849148,1.0
3.8006995,-0.117813304,1.0
3.63586,-1.0300756,1.0
3.4874387,0.29267663,1.0
4.0732617,0.7769493,1.0
2.9784935,0.29298574,1.0
2.938397,1.0455841,1.0
2.6029422,-0.21272613,1.0
3.402713,0.83734936,1.0
5.752832,2.082782,1.0
3.65154,1.2245831,1.0
3.572892,0.11698781,1.0
4.1082234,-0.09626256,1.0
2.6315856,-0.13276684,1.0
3.8698685,1.1342219,1.0
2.5621686,0.40620545,1.0
3.7604048,0.56411475,1.0
1.734558,-1.8284284,1.0
2.75401,1.4820254,1.0
2.9518173,-0.44049457,1.0
3.1283402,1.0928395,1.0
3.3329115,0.85854775,1.0
1.38137,-1.6387514,1.0
2.7742376,-1.1289389,1.0
3.5671315,0.38697428,1.0
3.2689803,-1.1248171,1.0
2.8145576,-0.3232187,1.0
2.58867,-0.11091762,1.0
3.6321826,0.29557997,1.0
2.8587596,0.19670764,1.0
4.7020173,-0.51165575,1.0
3.2810464,-0.27194062,1.0
4.597243,0.011604214,1.0
4.292271,1.3465474,1.0
1.5082688,-0.91074574,1.0
3.3784158,-0.5096562,1.0
4.6407447,0.7184485,1.0
2.5990052,-0.3813954,1.0
3.4869485,0.16774589,1.0
3.3891883,0.43686876,1.0
3.2681453,0.38223243,1.0
4.0155277,-0.25748557,1.0
2.7951627,1.7997024,1.0
3.7193604,0.48724088,1.0
1.252327,-0.009051116,1.0
2.686109,-0.22661345,1.0
2.5576246,-1.6538872,1.0
4.350965,0.52141076,1.0
3.4768498,-0.4469015,1.0
2.6063719,-0.17077835,1.0
1.100271,-1.1016774,1.0
2.0673084,-0.89732885,1.0
3.0032034,-0.3870353,1.0
3.8096123,2.0270174,1.0
3.946379,0.28643078,1.0
2.9509296,-0.83554906,1.0
2.6523051,0.80140746,1.0
4.237714,-0.025535312,1.0
2.4448714,0.27488497,1.0
4.235702,-0.13489139,1.0
1.6626894,-0.5292047,1.0
3.797097,-0.17795612,1.0
2.9854524,-0.32462245,1.0
2.1771045,-0.012852368,1.0
3.2533505,-0.5855326,1.0
2.4860687,-0.7900891,1.0
3.234103,-0.37311286,1.0
1.1909522,-0.60456365,1.0
2.2639542,1.1158489,1.0
3.4511225,1.3030696,1.0
2.5097163,0.2556281,1.0
2.453469,-1.0087522,1.0
2.818525,-0.1590112,1.0
3.8909469,0.07798814,1.0
3.2210326,0.027659219,1.0
2.6473944,-2.6826518,1.0
3.3423507,0.86152416,1.0
3.1579332,0.42207557,1.0
4.0730376,0.7026007,1.0
2.1045074,-0.96579915,1.0
2.5871518,0.37387723,1.0
3.3095796,-0.49884367,1.0
3.0799925,-1.2444037,1.0
3.033107,-0.53277385,1.0
3.3226097,0.3865639,1.0
2.4395723,-1.7284783,1.0
4.0170875,0.8078884,1.0
3.4975092,0.09454913,1.0
3.2469354,0.625511,1.0
0.85057503,-0.60734314,1.0
2.3751192,-0.8519662,1.0
2.8187766,-0.8956297,1.0
1.732269,-0.22451359,1.0
1.8184849,-0.35205463,1.0
1.4076985,-1.3040477,1.0
4.099894,1.6497978,1.0
2.5160062,-0.26979777,1.0
2.4001884,-1.0628567,1.0
1.7646443,-0.80835587,1.0
2.9605026,-0.54254067,1.0
3.192318,-0.5256842,1.0
2.651695,0.35058224,1.0
3.2078626,0.7244886,1.0
2.929077,2.1358314,1.0
2.582833,0.6100352,1.0
3.4660332,0.11167717,1.0
1.9947153,-0.91380435,1.0
1.6642251,-1.0342997,1.0
4.4130507,1.3140019,1.0
2.3628516,-1.9838402,1.0
2.3434398,-1.8287581,1.0
2.7254379,0.68439496,1.0
2.2540574,1.703615,1.0
3.0349145,0.4282697,1.0
2.4463832,0.07520302,1.0
3.5216177,-0.30133274,1.0
3.149622,0.765316,1.0
3.9617958,-0.07725087,1.0
3.949179,-0.80078363,1.0
2.7148628,0.11106553,1.0
4.1888056,-0.075232886,1.0
4.2441998,1.2002007,1.0
1.5509689,-0.7253946,1.0
3.3944693,0.26252258,1.0
4.5026274,1.8678392,1.0
4.157734,0.88948244,1.0
2.2043326,-0.49184024,1.0
3.0340216,-0.7573599,1.0
2.7137306,-0.9510546,1.0
3.50231,1.1470932,1.0
2.8382583,0.9426016,1.0
2.7026052,-0.64015126,1.0
3.0218065,0.19567385,1.0
4.0080547,0.44170094,1.0
2.210718,-0.39063206,1.0
2.7148335,-0.12189735,1.0
2.2316911,-0.8644841,1.0
2.9884777,0.7773279,1.0
1.2309115,-1.0378047,1.0
2.1831386,-2.4441686,1.0
3.460173,-0.58373976,1.0
3.0801103,0.009429443,1.0
1.9440007,-0.88837564,1.0
4.94533,1.6752312,1.0
2.7613251,0.42398828,1.0
3.2647846,0.10502791,1.0
2.0484567,-1.2733257,1.0
3.8522944,1.0788422,1.0
2.9629,0.5709664,1.0
2.9459894,-0.38531467,1.0
3.7429593,0.55376387,1.0
3.5515447,-0.3647031,1.0
2.451055,0.12412945,1.0
3.3729074,-0.2052104,1.0
1.8594267,-0.7161986,1.0
4.3794427,2.0064547,1.0
3.309104,-1.035406,1.0
2.5360146,0.9305084,1.0
3.6350965,0.23212157,1.0
2.882669,-1.1578537,1.0
2.2260964,0.96421236,1.0
1.9041622,1.3393095,1.0
4.4863396,2.192841,1.0
2.3512678,-0.69574636,1.0
4.3780437,2.340843,1.0
2.4517205,0.22250631,1.0
2.078079,-0.42190722,1.0
2.7187915,-0.109271675,1.0
5.7558966,1.216878,1.0
2.9066308,2.527295,1.0
3.303042,1.4450576,1.0
4.4858932,0.7012081,1.0
1.1178629,-0.6085109,1.0
3.990239,0.19882384,1.0
3.3887255,0.21295592,1.0
3.4897707,0.24109344,1.0
2.1309876,-0.6352751,1.0
3.562843,0.7669812,1.0
3.9634712,0.032195687,1.0
3.960977,0.52325517,1.0
2.816387,0.71638745,1.0
3.1272511,0.23602557,1.0
3.7074459,-0.5432011,1.0
2.5935373,-0.5563685,1.0
3.4366472,0.21824066,1.0
3.7091112,0.3058746,1.0
2.8098164,0.46604854,1.0
3.2970345,-0.5820252,1.0
3.07073,0.76966196,1.0
2.045556,-1.8460935,1.0
3.8304906,0.58558905,1.0
2.2247705,-0.6541806,1.0
5.4507065,0.5924364,1.0
2.534985,-1.5291556,1.0
3.3011324,0.41106424,1.0
3.842672,-1.2553879,1.0
3.0784302,0.40009162,1.0
3.58135,-1.2909013,1.0
2.144631,0.12244858,1.0
2.8243976,0.026113648,1.0
2.3393378,1.4924163,1.0
2.624608,-0.7384797,1.0
3.3499274,-0.044924513,1.0
3.1056097,1.8069487,1.0
4.4508805,1.1950475,1.0
2.0617273,0.39415398,1.0
2.4447887,-0.32261834,1.0
3.03198,1.492612,1.0
2.8237724,-0.56302387,1.0
2.1220279,-1.4622405,1.0
2.7008033,0.87744987,1.0
3.6489975,-0.28016815,1.0
3.6888561,2.2798758,1.0
4.2630315,1.0089979,1.0
1.4198856,-0.22230478,1.0
3.503794,0.73522764,1.0
4.026645,0.66564983,1.0
1.4630028,-0.054257922,1.0
2.635123,-1.045094,1.0
3.3527176,0.7176666,1.0
3.9522548,0.2822005,1.0
1.6131924,1.4533389,1.0
3.7620814,0.4669509,1.0
2.28965,-0.91909814,1.0
2.7856748,-0.3119318,1.0
2.5982463,0.71605885,1.0
2.0331907,0.68966514,1.0
3.4198976,-0.09224807,1.0
3.994845,-0.8798285,1.0
2.040878,-0.3943456,1.0
1.3244505,-0.7038171,1.0
0.87307376,-1.2985989,1.0
3.0944204,-0.3467555,1.0
3.175707,-0.9784559,1.0
2.8464875,-0.6942922,1.0
3.9847271,1.6503729,1.0
0.9906314,-3.0853407,1.0
2.965775,-0.9109671,1.0
2.9743292,1.3686947,1.0
2.5196393,-0.5643312,1.0
4.5458064,0.5679618,1.0
3.2637856,1.6255134,1.0
3.2119,-0.5755183,1.0
2.2303298,-0.734171,1.0
3.5069315,-0.08910466,1.0
2.9307425,0.41403374,1.0
3.1844692,-0.050046396,1.0
5.1178603,1.5226334,1.0
4.7564116,0.83758956,1.0
3.0699706,-0.013309208,1.0
3.089349,-1.3836157,1.0
3.9458032,0.13454932,1.0
1.4605346,-0.34243,1.0
3.9660988,-0.24980539,1.0
0.944239,0.83941156,1.0
2.4571564,-0.4246806,1.0
3.41236,-0.6905052,1.0
3.7653294,0.9387934,1.0
4.568952,-1.0050019,1.0
2.8893893,-1.2487993,1.0
4.420392,1.5488293,1.0
2.1539922,-0.3803998,1.0
-0.28227705,-1.2715095,1.0
3.4628978,1.3337617,1.0
2.7613688,0.112287864,1.0
2.6982746,0.64972377,1.0
1.1828353,-1.5197569,1.0
4.4248295,1.5062003,1.0
3.209071,-0.25825766,1.0
3.6163476,-0.20313427,1.0
4.0794106,0.44161564,1.0
3.6938941,-0.9107164,1.0
3.7415216,0.50682014,1.0
1.4132073,0.3325206,1.0
1.880185,-1.4557055,1.0
2.751276,0.1519727,1.0
2.4640117,0.7654152,1.0
4.3997912,0.7613299,1.0
1.0068982,-0.34085032,1.0
3.6826048,2.3816633,1.0
4.7321777,0.48909152,1.0
2.0622942,0.93354917,1.0
2.635877,-0.12845454,1.0
1.8655334,-0.3468262,1.0
3.3459108,1.2797285,1.0
2.3359907,-2.5315702,1.0
1.7328933,-0.90544456,1.0
2.165459,-1.5542375,1.0
1.9680309,-1.0319177,1.0
2.4425242,-0.17487344,1.0
4.315619,1.5321747,1.0
4.286504,-0.4473091,1.0
3.0117314,0.22632618,1.0
5.1194453,-0.5365965,1.0
4.3382587,0.00079935475,1.0
3.5305564,0.5380329,1.0
3.4181008,-0.75636345,1.0
2.9844022,0.6429218,1.0
3.82742,0.40318677,1.0
2.4934058,-2.121173,1.0
2.1506073,-0.044400588,1.0
2.279183,-0.4407531,1.0
3.9284596,-0.3218067,1.0
1.861899,-0.2697164,1.0
2.0750473,0.5085443,1.0
3.9597063,0.88377696,1.0
2.2040877,-0.97368956,1.0
2.5996225,0.72484845,1.0
3.6810462,0.49170083,1.0
2.707179,0.53847903,1.0
3.069656,-1.3279871,1.0
3.9235463,0.94931364,1.0
1.8433659,1.3609421,1.0
2.0097153,-2.0471745,1.0
3.8452544,1.5848194,1.0
2.9662242,-0.12880914,1.0
4.0391855,1.1215527,1.0
3.8998928,1.3826745,1.0
1.9537919,-1.9341373,1.0
4.274165,-0.24622495,1.0
1.2753549,0.3231567,1.0
1.8803376,-1.0855399,1.0
1.352257,-1.5540437,1.0
2.5687706,-0.6286574,1.0
4.513381,1.9991044,1.0
4.213736,0.840077,1.0
3.7237546,1.4561216,1.0
3.3185325,0.36226335,1.0
2.7512336,-0.8336028,1.0
3.4539077,0.19568193,1.0
3.3508224,0.58244944,1.0
3.7581768,0.5259731,1.0
3.522603,0.14577988,1.0
4.2775297,0.9063422,1.0
4.326397,-1.267811,1.0
2.10126,2.0834029,1.0
2.9287899,-1.1795671,1.0
2.5875952,0.16391955,1.0
4.0981236,1.1154343,1.0
2.7078025,0.94718003,1.0
2.662894,0.115650214,1.0
3.1104336,1.3806876,1.0
2.419855,-0.031469334,1.0
1.7641841,-0.4687022,1.0
2.056521,-0.4694395,1.0
5.433461,1.2122273,1.0
2.8608878,-0.4846911,1.0
4.833944,1.1724325,1.0
2.9562376,0.3801137,1.0
3.6716268,0.0059392853,1.0
4.473719,1.0541822,1.0
2.5690532,-0.1679084,1.0
1.9728738,-0.34161577,1.0
1.2896321,-1.2394894,1.0
4.111825,1.5792471,1.0
3.3204088,1.3155637,1.0
0.9057469,-0.7251612,1.0
4.0832305,0.963339,1.0
2.0787742,0.25295144,1.0
2.8763676,-0.57624567,1.0
3.1356053,-0.23390463,1.0
2.2530336,0.2739801,1.0
1.7195516,-1.0563743,1.0
4.81091,1.1608773,1.0
3.1593242,0.43673325,1.0
2.8083456,0.78036934,1.0
1.6701486,0.5889851,1.0
2.3668377,-0.61831623,1.0
2.565656,-0.6892407,1.0
1.3221213,-1.7947947,1.0
4.36251,1.3196394,1.0
3.237243,1.2300055,1.0
1.4556438,0.21341352,1.0
4.1254973,-1.3063195,1.0
5.2770767,-0.030902227,1.0
3.2348177,2.6037643,1.0
3.9243848,0.44773743,1.0
4.005468,-0.6012969,1.0
2.15515,0.21344286,1.0
3.4643917,-1.6337274,1.0
4.5261908,-0.61906534,1.0
4.041518,0.61196154,1.0
2.6474426,0.7783454,1.0
2.0510821,-2.9975142,1.0
2.395153,-0.66735065,1.0
3.0087123,0.07883714,1.0
4.556619,0.89162153,1.0
3.0769196,0.43494487,1.0
2.9820287,0.078646466,1.0
3.0942452,0.22246367,1.0
2.4416952,-0.03767323,1.0
3.6151264,0.28330404,1.0
2.8870287,0.5336433,1.0
3.7306852,-0.9013254,1.0
3.4530914,0.89572406,1.0
2.9658523,-1.6232593,1.0
0.9286495,-2.655108,1.0
1.4265655,-2.032761,1.0
4.2660747,-0.20401658,1.0
2.191403,-0.5741749,1.0
1.3046515,0.5189348,1.0
3.7952542,1.8517349,1.0
3.730715,0.7615553,1.0
3.3396096,0.4230304,1.0
4.0468955,-0.6531463,1.0
4.4590583,0.30523717,1.0
1.55694,-1.0329325,1.0
4.072601,-0.5794115,1.0
4.6095805,-0.5656325,1.0
2.3248103,1.5210013,1.0
1.4636583,-1.1749414,1.0
4.070866,0.4928506,1.0
1.6004657,-1.0477318,1.0
4.549035,1.5711658,1.0
3.6370835,0.32755095,1.0
2.2294552,-0.91809595,1.0
2.1574278,-1.296403,1.0
2.2331007,-0.6246953,1.0
3.3693528,0.42911696,1.0
3.2219758,0.71104115,1.0
4.3528566,1.6102085,1.0
2.4086747,-0.31332967,1.0
2.458332,-0.54162663,1.0
3.5513654,-3.168737,1.0
2.0361955,-1.2204484,1.0
3.237848,0.44751394,1.0
2.2932167,0.015008975,1.0
3.865092,0.5602311,1.0
3.4094698,-0.7187455,1.0
3.4775693,0.9269279,1.0
3.312984,0.7680124,1.0
2.212385,-1.0524249,1.0
1.3267658,-0.8362266,1.0
3.449244,-0.5114307,1.0
4.704665,-0.47334749,1.0
3.9025245,1.5495678,1.0
3.0195315,-1.1331258,1.0
3.3624651,-0.360528,1.0
2.458058,-0.5259617,1.0
2.3280106,-0.45526564,1.0
2.7045326,0.0107212225,1.0
1.9527196,-0.43485448,1.0
3.1123602,0.9686733,1.0
6.1933413,1.9588121,1.0
4.870517,0.4574344,1.0
2.4561994,-1.0329565,1.0
3.932347,0.11610033,1.0
3.6133902,0.97825354,1.0
2.1871073,-0.32997614,1.0
3.378301,-1.6147027,1.0
1.8673339,-0.09641197,1.0
4.4009123,0.61737907,1.0
1.7415521,1.0912204,1.0
2.4427128,-0.27810982,1.0
2.4056354,0.047623422,1.0
3.9498723,-0.5593705,1.0
3.1191611,1.1659892,1.0
1.8392727,0.068459876,1.0
4.5196724,2.0694826,1.0
1.1818342,-0.4254679,1.0
3.0784745,0.5230186,1.0
4.281581,-0.14611718,1.0
5.607197,1.8715464,1.0
3.0162182,0.5801361,1.0
4.2757998,0.96864337,1.0
1.7398244,-0.49839363,1.0
4.6178246,1.8622744,1.0
2.3027353,-0.13140571,1.0
2.933891,0.80875057,1.0
2.7428153,-1.0326596,1.0
2.6958313,-1.010886,1.0
3.3757985,1.1615989,1.0
4.9658813,2.2752483,1.0
3.0837505,-0.649806,1.0
2.7999232,0.26943633,1.0
6.1275067,1.5823674,1.0
1.5615712,-0.017393392,1.0
2.1589875,-1.1867441,1.0
2.2770488,0.0404127,1.0
2.9097414,-1.4339669,1.0
2.511096,-0.94358915,1.0
1.8760536,-2.2107923,1.0
3.870579,-0.95246875,1.0
3.811999,0.4931137,1.0
3.129762,-0.618598,1.0
3.3349717,-0.23619159,1.0
3.0483973,1.737256,1.0
2.8321636,-0.50594914,1.0
2.6814375,-1.860036,1.0
3.5698984,-0.049733356,1.0
3.0878167,0.3634937,1.0
3.385925,0.9111127,1.0
2.77623,0.21979576,1.0
3.05863,1.1078594,1.0
3.7815409,0.47362873,1.0
3.840634,-0.36698678,1.0
4.4875593,1.662083,1.0
4.177601,-0.9788293,1.0
2.4231598,-0.33719617,1.0
1.9498358,-0.627813,1.0
2.1099284,-0.38249186,1.0
4.178664,0.48616758,1.0
2.326363,1.2282492,1.0
