TAHUN;NAMA PROVINSI;NAMA KABUPATEN/KOTA;NAMA KECAMATAN;NAMA KELURAHAN;LUAS WILAYAH (KM2);KEPADATAN (JIWA/KM2);35-39 Laki-Laki;35-39 Perempuan;40-44 Laki-Laki;40-44 Perempuan;45-49 Laki-Laki;45-49 Perempuan;50-54 Laki-Laki;50-54 Perempuan;55-59 Laki-Laki;55-59 Perempuan;60-64 Laki-Laki;60-64 Perempuan;65-69 Laki-Laki;65-69 Perempuan;70-74 Laki-Laki;70-74 Perempuan;>75 Laki-Laki;>75  Perempuan
2013;PROVINSI DKI JAKARTA;KAB.ADM.KEP.SERIBU;KEP. SERIBU UTR;P. PANGGANG;0,91;6779;231;235;233;210;171;158;137;126;98;106;72;65;36;33;33;20;13;27
2013;PROVINSI DKI JAKARTA;KAB.ADM.KEP.SERIBU;KEP. SERIBU UTR;P. KELAPA;3,76;1705;84;88;99;88;72;63;34;29;30;39;29;24;12;21;13;5;5;8
2013;PROVINSI DKI JAKARTA;KAB.ADM.KEP.SERIBU;KEP. SERIBU UTR;P. HARAPAN;3,59;628;255;238;232;234;212;193;150;161;139;101;73;56;18;35;24;25;18;26
2013;PROVINSI DKI JAKARTA;KAB.ADM.KEP.SERIBU;KEP. SERIBU SLT;P. UNTUNG JAWA;0,59;3625;199;185;178;176;162;139;100;119;97;83;58;56;40;54;26;27;16;13
2013;PROVINSI DKI JAKARTA;KAB.ADM.KEP.SERIBU;KEP. SERIBU SLT;P. TIDUNG;1,57;3084;98;75;73;94;67;69;60;40;37;32;22;13;18;15;10;18;11;17
2013;PROVINSI DKI JAKARTA;KAB.ADM.KEP.SERIBU;KEP. SERIBU SLT;P. PARI;1,39;1968;113;112;108;80;66;62;61;63;37;36;32;26;21;14;17;11;8;7
2013;PROVINSI DKI JAKARTA;JAKARTA PUSAT;GAMBIR;GAMBIR;2,58;1350;166;174;130;165;176;162;129;97;108;90;88;42;68;34;37;32;34;23
2013;PROVINSI DKI JAKARTA;JAKARTA PUSAT;GAMBIR;CIDENG;1,26;14584;850;748;749;798;779;766;715;662;614;537;555;343;413;215;259;142;214;165
2013;PROVINSI DKI JAKARTA;JAKARTA PUSAT;GAMBIR;PETOJO UTARA;1,12;18987;954;920;914;943;871;823;736;679;680;510;544;421;398;235;241;132;215;159
2013;PROVINSI DKI JAKARTA;JAKARTA PUSAT;GAMBIR;PETOJO SELATAN;1,14;14465;752;675;691;691;659;631;611;514;539;466;428;279;328;160;215;116;150;121
2013;PROVINSI DKI JAKARTA;JAKARTA PUSAT;GAMBIR;KEBON KELAPA;0,78;15890;592;491;447;522;463;487;432;426;432;329;353;263;246;140;152;100;136;72
2013;PROVINSI DKI JAKARTA;JAKARTA PUSAT;GAMBIR;DURI PULO;0,72;35628;1213;1106;1105;1083;1007;967;901;781;742;616;597;404;409;215;255;156;196;138
2013;PROVINSI DKI JAKARTA;JAKARTA PUSAT;SAWAH BESAR;PASAR BARU;1,89;8041;714;611;595;606;607;580;588;522;495;435;486;401;407;265;243;147;203;136
2013;PROVINSI DKI JAKARTA;JAKARTA PUSAT;SAWAH BESAR;KARANG ANYAR;0,51;63122;1575;1485;1371;1381;1236;1160;1078;995;935;749;793;487;567;308;344;199;258;156
2013;PROVINSI DKI JAKARTA;JAKARTA PUSAT;SAWAH BESAR;KARTINI;0,55;49862;1307;1177;1172;1153;1089;1011;993;905;877;688;743;515;542;272;360;187;284;180
2013;PROVINSI DKI JAKARTA;JAKARTA PUSAT;SAWAH BESAR;GUNUNG SAHARI UTARA;1,98;9933;817;835;854;847;900;808;804;691;648;525;539;388;458;240;289;184;203;168
2013;PROVINSI DKI JAKARTA;JAKARTA PUSAT;SAWAH BESAR;MANGGA DUA SELATAN;1,29;26203;1683;1662;1481;1459;1257;1284;1120;1033;969;799;729;528;498;310;316;188;252;157
2013;PROVINSI DKI JAKARTA;JAKARTA PUSAT;KEMAYORAN;KEMAYORAN;0,55;44202;1164;1063;1013;1026;921;956;845;787;696;601;608;410;414;191;262;163;199;140
2013;PROVINSI DKI JAKARTA;JAKARTA PUSAT;KEMAYORAN;KEBON KOSONG;1,13;28014;1644;1542;1397;1415;1331;1168;1049;857;837;650;685;448;448;271;259;186;179;98
2013;PROVINSI DKI JAKARTA;JAKARTA PUSAT;KEMAYORAN;HARAPAN MULIA;0,91;29205;1256;1213;1204;1222;1144;989;871;743;737;584;619;346;365;218;267;147;171;100
2013;PROVINSI DKI JAKARTA;JAKARTA PUSAT;KEMAYORAN;SERDANG;0,82;41837;1603;1559;1605;1721;1640;1460;1301;922;901;627;650;418;521;279;358;289;294;180
2013;PROVINSI DKI JAKARTA;JAKARTA PUSAT;KEMAYORAN;GUNUNG SAHARI SELATAN;0,53;43858;1071;979;973;1016;954;903;855;726;717;602;585;396;460;282;273;169;192;130
2013;PROVINSI DKI JAKARTA;JAKARTA PUSAT;KEMAYORAN;CEMPAKA BARU;0,99;38088;1750;1710;1838;1881;1694;1435;1349;1021;983;755;770;498;571;318;462;306;284;180
2013;PROVINSI DKI JAKARTA;JAKARTA PUSAT;KEMAYORAN;SUMUR BATU;1,15;23271;1452;1372;1305;1226;1202;940;860;710;689;549;636;383;465;279;309;227;205;113
2013;PROVINSI DKI JAKARTA;JAKARTA PUSAT;KEMAYORAN;UTAN PANJANG;1,05;31889;1610;1549;1462;1442;1299;1276;1163;920;912;731;719;424;395;197;295;179;209;133
2013;PROVINSI DKI JAKARTA;JAKARTA PUSAT;SENEN;SENEN;0,81;10158;398;428;362;315;302;278;274;254;224;207;184;152;126;84;73;40;50;31
2013;PROVINSI DKI JAKARTA;JAKARTA PUSAT;SENEN;KENARI;0,91;11757;456;447;442;446;449;413;446;360;339;288;271;191;200;96;122;76;88;61
2013;PROVINSI DKI JAKARTA;JAKARTA PUSAT;SENEN;PASEBAN;0,71;38400;1266;1232;1089;1146;1088;1087;1074;831;914;697;666;436;428;203;264;142;169;121
2013;PROVINSI DKI JAKARTA;JAKARTA PUSAT;SENEN;KRAMAT;0,71;47630;1552;1479;1391;1437;1270;1280;1193;957;949;777;760;483;479;272;344;193;234;156
2013;PROVINSI DKI JAKARTA;JAKARTA PUSAT;SENEN;KWITANG;0,45;40724;908;793;790;727;648;667;641;513;587;459;459;310;371;157;192;105;153;95
2013;PROVINSI DKI JAKARTA;JAKARTA PUSAT;SENEN;BUNGUR;0,64;34463;1046;993;903;937;860;825;810;667;661;517;572;382;357;210;238;146;173;112
2013;PROVINSI DKI JAKARTA;JAKARTA PUSAT;CEMPAKA PUTIH;CEMPAKA PUTIH TIMUR;2,22;12326;1264;1267;1364;1280;1287;1189;1064;791;798;565;638;457;474;254;396;267;276;217
2013;PROVINSI DKI JAKARTA;JAKARTA PUSAT;CEMPAKA PUTIH;CEMPAKA PUTIH BARAT;1,22;32561;1858;1811;1879;1891;1815;1609;1445;1108;1168;857;874;569;592;294;440;285;322;235
2013;PROVINSI DKI JAKARTA;JAKARTA PUSAT;CEMPAKA PUTIH;RAWASARI;1,25;19945;1200;1160;1207;1085;1149;1037;984;746;765;551;552;376;373;216;261;166;199;140
2013;PROVINSI DKI JAKARTA;JAKARTA PUSAT;MENTENG;MENTENG;2,44;11968;1349;1194;1215;1153;1164;1048;1103;973;1011;786;749;448;453;268;278;149;210;166
2013;PROVINSI DKI JAKARTA;JAKARTA PUSAT;MENTENG;PEGANGSAAN;0,98;27151;1172;1096;1099;1139;1095;1051;1043;843;858;681;657;457;419;220;261;144;195;106
2013;PROVINSI DKI JAKARTA;JAKARTA PUSAT;MENTENG;CIKINI;0,82;11711;424;428;408;367;409;376;375;315;335;264;256;167;185;85;100;57;70;56
2013;PROVINSI DKI JAKARTA;JAKARTA PUSAT;MENTENG;GONDANGDIA;1,46;3194;192;165;212;180;187;179;194;175;180;134;163;82;125;79;97;63;60;68
2013;PROVINSI DKI JAKARTA;JAKARTA PUSAT;MENTENG;KEBON SIRIH;0,83;18577;733;717;657;701;618;560;508;493;451;394;383;251;253;136;171;85;121;61
2013;PROVINSI DKI JAKARTA;JAKARTA PUSAT;TANAH ABANG;GELORA;2,59;1450;185;178;178;190;185;158;143;113;111;85;88;63;49;33;47;28;29;27
2013;PROVINSI DKI JAKARTA;JAKARTA PUSAT;TANAH ABANG;BENDUNGAN HILIR;1,58;16018;1124;1138;1088;1198;1200;1104;1084;883;841;593;559;358;385;198;296;161;239;213
2013;PROVINSI DKI JAKARTA;JAKARTA PUSAT;TANAH ABANG;KARET TENGSIN;1,53;13912;1118;1078;1020;1027;916;839;660;573;554;484;410;286;281;175;185;111;130;67
2013;PROVINSI DKI JAKARTA;JAKARTA PUSAT;TANAH ABANG;PETAMBURAN;0,9;43262;1851;1780;1660;1626;1446;1404;1289;1148;1012;811;736;420;425;242;310;170;215;121
2013;PROVINSI DKI JAKARTA;JAKARTA PUSAT;TANAH ABANG;KEBON MELATI;1,26;30563;1862;1721;1588;1673;1462;1433;1289;1017;985;864;761;493;467;260;284;172;204;124
2013;PROVINSI DKI JAKARTA;JAKARTA PUSAT;TANAH ABANG;KEBON KACANG;0,71;35545;1150;1041;998;1064;1040;987;903;806;836;627;647;450;485;256;310;170;203;122
2013;PROVINSI DKI JAKARTA;JAKARTA PUSAT;TANAH ABANG;KAMPUNG BALI;0,73;19941;612;613;600;589;563;566;536;465;448;380;376;245;274;140;149;90;123;71
2013;PROVINSI DKI JAKARTA;JAKARTA PUSAT;JOHAR BARU;JOHAR BARU;1,19;35270;2036;1878;1949;1952;1847;1569;1528;1179;1175;922;939;590;670;318;450;285;320;201
2013;PROVINSI DKI JAKARTA;JAKARTA PUSAT;JOHAR BARU;KAMPUNG RAWA;0,3;86123;1210;1255;1139;1181;972;892;830;663;663;547;495;300;339;176;189;144;175;92
2013;PROVINSI DKI JAKARTA;JAKARTA PUSAT;JOHAR BARU;GALUR;0,27;79022;999;1060;925;982;820;795;727;621;535;436;421;259;257;139;169;124;130;64
2013;PROVINSI DKI JAKARTA;JAKARTA PUSAT;JOHAR BARU;TANAH TINGGI;0,62;71177;2118;2013;1776;1841;1680;1594;1437;1263;1200;954;955;646;627;309;363;221;281;156
2013;PROVINSI DKI JAKARTA;JAKARTA UTARA;PENJARINGAN;PENJARINGAN;3,95;28071;9225;5535;5124;10659;6563;5925;12488;5758;4842;10600;4938;4051;8989;3967;3072;7039;2941;2426
2013;PROVINSI DKI JAKARTA;JAKARTA UTARA;PENJARINGAN;KAMAL MUARA;10,53;1144;1045;517;572;1089;655;666;1321;533;541;1074;482;474;956;354;301;655;277;273
2013;PROVINSI DKI JAKARTA;JAKARTA UTARA;PENJARINGAN;KAPUK MUARA;10,56;3243;2763;1631;1635;3266;1860;1851;3711;1545;1453;2998;1359;1273;2632;1102;1083;2185;979;943
2013;PROVINSI DKI JAKARTA;JAKARTA UTARA;PENJARINGAN;PEJAGALAN;3,23;27856;7137;4468;4453;8921;5122;4877;9999;4333;4018;8351;3647;3306;6953;3023;2790;5813;2574;2520
2013;PROVINSI DKI JAKARTA;JAKARTA UTARA;PENJARINGAN;PLUIT;7,71;6344;3656;2264;2303;4567;2542;2581;5123;2169;2132;4301;1712;1746;3458;1380;1493;2873;1337;1583
2013;PROVINSI DKI JAKARTA;JAKARTA UTARA;TANJUNG PRIOK;TANJUNG PRIOK;5,59;7794;3374;2025;1872;3897;2391;2325;4716;2238;2324;4562;1957;1832;3789;1508;1410;2918;1127;1027
2013;PROVINSI DKI JAKARTA;JAKARTA UTARA;TANJUNG PRIOK;SUNTER JAYA;4,68;14791;5374;3427;3355;6782;3967;3810;7777;3329;3023;6352;2702;2408;5110;2213;2180;4393;1832;2082
2013;PROVINSI DKI JAKARTA;JAKARTA UTARA;TANJUNG PRIOK;PAPANGGO;2,8;16353;3667;2290;2036;4326;2502;2417;4919;2270;2230;4500;1944;1704;3648;1467;1405;2872;1067;1107
2013;PROVINSI DKI JAKARTA;JAKARTA UTARA;TANJUNG PRIOK;SUNGAI BAMBU;2,36;15221;2807;1749;1561;3310;1924;1805;3729;1694;1628;3322;1592;1401;2993;1267;1197;2464;998;954
2013;PROVINSI DKI JAKARTA;JAKARTA UTARA;TANJUNG PRIOK;KEBON BAWANG;1,73;35952;4677;3009;2661;5670;3519;3270;6789;3264;2955;6219;2815;2607;5422;2193;1932;4125;1483;1405
2013;PROVINSI DKI JAKARTA;JAKARTA UTARA;TANJUNG PRIOK;SUNTER AGUNG;6,65;12234;6094;3710;3810;7520;4177;4217;8394;3982;3799;7781;3272;3124;6396;2722;2820;5542;2219;2525
2013;PROVINSI DKI JAKARTA;JAKARTA UTARA;TANJUNG PRIOK;WARAKAS;1,09;49384;4224;2608;2342;4950;2968;2790;5758;2738;2664;5402;2338;2234;4572;1858;1749;3607;1347;1235
2013;PROVINSI DKI JAKARTA;JAKARTA UTARA;KOJA;KOJA;3,27;10838;3088;1767;1635;3402;1995;1784;3779;1744;1476;3220;1424;1329;2753;1256;1114;2370;1007;876
2013;PROVINSI DKI JAKARTA;JAKARTA UTARA;KOJA;TUGU UTARA;2,37;34123;6608;3954;3748;7702;4373;4297;8670;3892;3740;7632;3301;3007;6308;2420;2257;4677;1853;1897
2013;PROVINSI DKI JAKARTA;JAKARTA UTARA;KOJA;LAGOA;1,58;44105;5931;3342;3123;6465;3553;3456;7009;3205;2994;6199;2869;2667;5536;2410;2310;4720;1719;1688
2013;PROVINSI DKI JAKARTA;JAKARTA UTARA;KOJA;RAWA BADAK UTARA;1,33;31357;3260;2064;1867;3931;2296;2231;4527;2095;1898;3993;1829;1643;3472;1398;1246;2644;996;1023
2013;PROVINSI DKI JAKARTA;JAKARTA UTARA;KOJA;TUGU SELATAN;1,86;22869;3744;2235;2093;4328;2494;2393;4887;1992;1989;3981;1681;1538;3219;1289;1173;2462;936;943
2013;PROVINSI DKI JAKARTA;JAKARTA UTARA;KOJA;RAWA BADAK SELATAN;1,33;35441;3910;2420;2294;4714;2626;2681;5307;2239;2110;4349;1925;1641;3566;1423;1339;2762;1036;1121
2013;PROVINSI DKI JAKARTA;JAKARTA UTARA;CILINCING;CILINCING;8,31;6326;4654;2614;2523;5137;2976;2968;5944;2464;2316;4780;2021;1793;3814;1515;1441;2956;1188;1210
2013;PROVINSI DKI JAKARTA;JAKARTA UTARA;CILINCING;SUKAPURA;5,61;11602;5221;3376;3696;7072;4293;5339;9632;3595;3572;7167;2693;2184;4877;1606;1399;3005;1075;1086
2013;PROVINSI DKI JAKARTA;JAKARTA UTARA;CILINCING;MARUNDA;7,92;3105;2187;1207;1121;2328;1312;1288;2600;1024;977;2001;926;891;1817;703;694;1397;588;549
2013;PROVINSI DKI JAKARTA;JAKARTA UTARA;CILINCING;KALI BARU;2,47;34278;7616;4096;3833;7929;4572;4522;9094;3847;3734;7581;3196;2750;5946;2398;2127;4525;1870;1844
2013;PROVINSI DKI JAKARTA;JAKARTA UTARA;CILINCING;SEMPER TIMUR;3,17;12725;3230;1683;1668;3351;1992;2151;4143;1894;1964;3858;1786;1685;3471;1383;1282;2665;1002;939
2013;PROVINSI DKI JAKARTA;JAKARTA UTARA;CILINCING;ROROTAN;10,64;3859;3442;1876;1934;3810;2204;2307;4511;1866;1887;3753;1623;1482;3105;1206;1118;2324;846;884
2013;PROVINSI DKI JAKARTA;JAKARTA UTARA;CILINCING;SEMPER BARAT;4,44;18003;6419;3579;3703;7282;4317;4495;8812;3826;3776;7602;3344;3201;6545;2439;2297;4736;1855;1816
2013;PROVINSI DKI JAKARTA;JAKARTA UTARA;PADEMANGAN;PADEMANGAN TIMUR;2,61;16245;3005;1935;1948;3883;2238;2238;4476;2045;2014;4059;1806;1687;3493;1549;1401;2950;1205;1211
2013;PROVINSI DKI JAKARTA;JAKARTA UTARA;PADEMANGAN;PADEMANGAN BARAT;3,53;24947;7178;4264;4133;8397;5086;4635;9721;4374;3828;8202;3702;3195;6897;2906;2583;5489;2322;2104
2013;PROVINSI DKI JAKARTA;JAKARTA UTARA;PADEMANGAN;ANCOL;5,77;4981;2259;1380;1354;2734;1674;1475;3149;1442;1248;2690;1286;1048;2334;1034;886;1920;787;676
2013;PROVINSI DKI JAKARTA;JAKARTA UTARA;KELAPA GADING;KELAPA GADING TIMUR;5,31;7089;2539;1744;1743;3487;1893;2144;4037;1657;1707;3364;1307;1458;2765;1122;1204;2326;985;1358
2013;PROVINSI DKI JAKARTA;JAKARTA UTARA;KELAPA GADING;PEGANGSAAN DUA;6,28;8216;4170;2259;2338;4597;2608;2622;5230;2281;2347;4628;2052;1973;4025;1873;1865;3738;1708;1774
2013;PROVINSI DKI JAKARTA;JAKARTA UTARA;KELAPA GADING;KELAPA GADING BARAT;4,53;8515;2628;1433;1605;3038;1821;1946;3767;1788;1828;3616;1810;1807;3617;1428;1369;2797;1000;999
2013;PROVINSI DKI JAKARTA;JAKARTA BARAT;CENGKARENG;CENGKARENG BARAT;4,26;16409;5316;3221;3137;6358;3675;3768;7443;3431;3430;6861;3040;2816;5856;2320;2195;4515;1663;1761
2013;PROVINSI DKI JAKARTA;JAKARTA BARAT;CENGKARENG;DURI KOSAMBI;5,03;15866;6922;3764;3746;7510;4224;4231;8455;3698;3448;7146;3221;2989;6210;2630;2544;5174;2042;2001
2013;PROVINSI DKI JAKARTA;JAKARTA BARAT;CENGKARENG;RAWA BUAYA;4,67;14886;5632;3396;3459;6855;3950;3971;7921;3496;3128;6624;3004;2691;5695;2235;2089;4324;1790;1604
2013;PROVINSI DKI JAKARTA;JAKARTA BARAT;CENGKARENG;KEDAUNG KALI ANGKE;2,61;14438;2951;1756;1683;3439;2104;1995;4099;1956;1795;3751;1719;1553;3272;1411;1259;2670;1041;903
2013;PROVINSI DKI JAKARTA;JAKARTA BARAT;CENGKARENG;KAPUK;7,18;20919;13011;7488;7243;14731;8822;8352;17174;7480;6846;14326;6333;5476;11809;4758;4475;9233;3959;3526
2013;PROVINSI DKI JAKARTA;JAKARTA BARAT;CENGKARENG;CENGKARENG TIMUR;4,18;20735;7146;4147;4130;8277;5010;4952;9962;4345;3961;8306;3736;3428;7164;2806;2614;5420;2078;1973
2013;PROVINSI DKI JAKARTA;JAKARTA BARAT;GROGOL PETAMBURAN;GROGOL;1,22;16960;1530;903;845;1748;1002;989;1991;936;875;1811;983;842;1825;837;816;1653;661;629
2013;PROVINSI DKI JAKARTA;JAKARTA BARAT;GROGOL PETAMBURAN;TANJUNG DUREN UTARA;1,11;18227;1277;812;859;1671;1074;1199;2273;1030;997;2027;843;806;1649;609;658;1267;523;546
2013;PROVINSI DKI JAKARTA;JAKARTA BARAT;GROGOL PETAMBURAN;TOMANG;1,88;18103;2404;1449;1365;2814;1662;1633;3295;1583;1589;3172;1594;1456;3050;1367;1263;2630;961;953
2013;PROVINSI DKI JAKARTA;JAKARTA BARAT;GROGOL PETAMBURAN;JELAMBAR;1,44;24624;2358;1581;1524;3105;1854;1883;3737;1706;1696;3402;1570;1484;3054;1280;1232;2512;958;947
2013;PROVINSI DKI JAKARTA;JAKARTA BARAT;GROGOL PETAMBURAN;TANJUNG DUREN SELATAN;1,76;15915;1857;1220;1210;2430;1638;1637;3275;1413;1447;2860;1268;1244;2512;1012;951;1963;662;722
2013;PROVINSI DKI JAKARTA;JAKARTA BARAT;GROGOL PETAMBURAN;JELAMBAR BARU;1,44;30778;3165;2116;2065;4181;2552;2503;5055;2188;2123;4311;1860;1671;3531;1438;1323;2761;1181;1170
2013;PROVINSI DKI JAKARTA;JAKARTA BARAT;GROGOL PETAMBURAN;WIJAYA KUSUMA;2,61;17092;3523;2301;2116;4417;2704;2529;5233;2242;2004;4246;1908;1611;3519;1537;1320;2857;1204;1131
2013;PROVINSI DKI JAKARTA;JAKARTA BARAT;TAMAN SARI;TAMAN SARI;0,68;26441;1365;729;775;1504;853;810;1663;737;740;1477;729;699;1428;633;664;1297;580;569
2013;PROVINSI DKI JAKARTA;JAKARTA BARAT;TAMAN SARI;KRUKUT;0,55;42111;1848;1107;990;2097;1150;1063;2213;1008;924;1932;914;871;1785;836;832;1668;717;685
2013;PROVINSI DKI JAKARTA;JAKARTA BARAT;TAMAN SARI;MAPHAR;0,59;34693;1555;919;891;1810;979;973;1952;875;873;1748;861;738;1599;785;698;1483;672;622
2013;PROVINSI DKI JAKARTA;JAKARTA BARAT;TAMAN SARI;TANGKI;0,37;43827;1248;691;798;1489;806;809;1615;718;734;1452;651;682;1333;605;552;1157;475;479
2013;PROVINSI DKI JAKARTA;JAKARTA BARAT;TAMAN SARI;MANGGA BESAR;0,51;17882;675;386;404;790;409;434;843;386;373;759;335;335;670;322;313;635;297;299
2013;PROVINSI DKI JAKARTA;JAKARTA BARAT;TAMAN SARI;KEAGUNGAN;0,32;65800;1673;975;932;1907;1117;1017;2134;1030;910;1940;941;778;1719;817;725;1542;662;578
2013;PROVINSI DKI JAKARTA;JAKARTA BARAT;TAMAN SARI;GLODOK;0,38;24153;650;359;368;727;407;392;799;335;342;677;318;344;662;335;344;679;325;330
2013;PROVINSI DKI JAKARTA;JAKARTA BARAT;TAMAN SARI;PINANGSIA;0,96;13791;991;600;612;1212;773;672;1445;626;586;1212;601;494;1095;489;405;894;402;362
2013;PROVINSI DKI JAKARTA;JAKARTA BARAT;TAMBORA;TAMBORA;0,28;45375;968;588;544;1132;646;593;1239;598;522;1120;544;451;995;460;425;885;385;368
2013;PROVINSI DKI JAKARTA;JAKARTA BARAT;TAMBORA;KALI ANYAR;0,32;94166;2532;1567;1530;3097;1775;1554;3329;1549;1275;2824;1251;1022;2273;1035;841;1876;808;746
2013;PROVINSI DKI JAKARTA;JAKARTA BARAT;TAMBORA;DURI UTARA;0,4;60175;1919;1120;1095;2215;1220;1193;2413;1125;1016;2141;995;910;1905;903;742;1645;732;624
2013;PROVINSI DKI JAKARTA;JAKARTA BARAT;TAMBORA;TANAH SEREAL;0,62;49860;2485;1386;1388;2774;1536;1382;2918;1344;1271;2615;1270;1189;2459;1126;1042;2168;954;955
2013;PROVINSI DKI JAKARTA;JAKARTA BARAT;TAMBORA;KERENDANG;0,32;74109;2057;1212;1161;2373;1307;1186;2493;1210;940;2150;1103;802;1905;856;704;1560;683;579
2013;PROVINSI DKI JAKARTA;JAKARTA BARAT;TAMBORA;JEMBATAN BESI;0,55;66447;3124;2075;1879;3954;2275;1907;4182;1966;1496;3462;1675;1248;2923;1265;994;2259;898;827
2013;PROVINSI DKI JAKARTA;JAKARTA BARAT;TAMBORA;ANGKE;0,8;43826;2767;1721;1579;3300;1936;1707;3643;1651;1460;3111;1505;1371;2876;1332;1130;2462;1019;922
2013;PROVINSI DKI JAKARTA;JAKARTA BARAT;TAMBORA;JEMBATAN LIMA;0,46;54543;2104;1277;1129;2406;1371;1257;2628;1211;1053;2264;1103;906;2009;887;793;1680;715;675
2013;PROVINSI DKI JAKARTA;JAKARTA BARAT;TAMBORA;PEKOJAN;0,78;35333;2061;1197;1167;2364;1258;1315;2573;1221;1140;2361;1118;1088;2206;998;939;1937;930;914
2013;PROVINSI DKI JAKARTA;JAKARTA BARAT;TAMBORA;ROA MALAKA;0,53;8275;257;180;150;330;199;194;393;179;191;370;170;169;339;162;162;324;156;142
2013;PROVINSI DKI JAKARTA;JAKARTA BARAT;TAMBORA;DURI SELATAN;0,42;41460;1319;769;780;1549;850;863;1713;770;724;1494;744;688;1432;630;577;1207;528;518
2013;PROVINSI DKI JAKARTA;JAKARTA BARAT;KEBON JERUK;KEBON JERUK;2,69;20957;4362;2563;2466;5029;2878;3001;5879;2739;2662;5401;2435;2345;4780;1923;1881;3804;1551;1538
2013;PROVINSI DKI JAKARTA;JAKARTA BARAT;KEBON JERUK;SUKABUMI UTARA;1,6;26438;3197;2005;1899;3904;2223;2242;4465;2026;1978;4004;1932;1647;3579;1370;1381;2751;1047;1082
2013;PROVINSI DKI JAKARTA;JAKARTA BARAT;KEBON JERUK;SUKABUMI SELATAN;1,57;26532;3396;2049;2002;4051;2340;2242;4582;2094;1884;3978;1798;1596;3394;1370;1306;2676;1078;964
2013;PROVINSI DKI JAKARTA;JAKARTA BARAT;KEBON JERUK;KELAPA DUA;1,5;17297;1962;1161;1124;2285;1337;1357;2694;1256;1232;2488;1107;1055;2162;962;909;1871;683;674
2013;PROVINSI DKI JAKARTA;JAKARTA BARAT;KEBON JERUK;DURI KEPA;3,86;17148;5160;3164;3253;6417;3809;3580;7389;3204;3040;6244;2616;2510;5126;2114;2023;4137;1706;1839
2013;PROVINSI DKI JAKARTA;JAKARTA BARAT;KEBON JERUK;KEDOYA UTARA;3,14;15976;3914;2355;2363;4718;2776;2721;5497;2372;2247;4619;2021;1903;3924;1653;1570;3223;1303;1378
2013;PROVINSI DKI JAKARTA;JAKARTA BARAT;KEBON JERUK;KEDOYA SELATAN;2,28;15519;2709;1675;1697;3372;1962;1961;3923;1696;1660;3356;1459;1296;2755;1086;1138;2224;954;947
2013;PROVINSI DKI JAKARTA;JAKARTA BARAT;KALI DERES;KALIDERES;5,72;13726;6660;3659;3562;7221;4222;4118;8340;3733;3684;7417;3432;3175;6607;2636;2634;5270;2047;1888
2013;PROVINSI DKI JAKARTA;JAKARTA BARAT;KALI DERES;SEMANAN;5,98;13037;6508;3687;3587;7274;4380;4400;8780;3925;3656;7581;3374;3051;6425;2513;2261;4774;1821;1510
2013;PROVINSI DKI JAKARTA;JAKARTA BARAT;KALI DERES;TEGAL ALUR;4;23429;8053;4591;4553;9144;5652;5470;11122;4531;4325;8856;3806;3460;7266;2946;2632;5578;2048;2046
2013;PROVINSI DKI JAKARTA;JAKARTA BARAT;KALI DERES;KAMAL;4,49;12257;4847;2640;2571;5211;3018;2971;5989;2585;2455;5040;2384;2098;4482;1732;1518;3250;1241;1084
2013;PROVINSI DKI JAKARTA;JAKARTA BARAT;KALI DERES;PEGADUNGAN;8,89;8364;5990;3120;3271;6391;3847;3916;7763;3372;3369;6741;3229;3207;6436;2735;2602;5337;2005;1668
2013;PROVINSI DKI JAKARTA;JAKARTA BARAT;PALMERAH;PALMERAH;2,11;33544;5308;3083;3081;6164;3752;3624;7376;3447;3319;6766;3187;2912;6099;2571;2325;4896;1903;1921
2013;PROVINSI DKI JAKARTA;JAKARTA BARAT;PALMERAH;SLIPI;0,97;19980;1445;856;852;1708;1043;951;1994;875;840;1715;825;743;1568;677;672;1349;579;593
2013;PROVINSI DKI JAKARTA;JAKARTA BARAT;PALMERAH;KOTA BAMBU UTARA;0,63;46608;2268;1359;1372;2731;1592;1523;3115;1361;1221;2582;1228;1076;2304;974;986;1960;796;769
2013;PROVINSI DKI JAKARTA;JAKARTA BARAT;PALMERAH;JATI PULO;0,87;38834;2575;1451;1438;2889;1767;1695;3462;1531;1428;2959;1442;1366;2808;1247;1117;2364;901;956
2013;PROVINSI DKI JAKARTA;JAKARTA BARAT;PALMERAH;KEMANGGISAN;2,33;16328;2642;1596;1580;3176;1790;1845;3635;1766;1721;3487;1783;1694;3477;1539;1381;2920;1093;1057
2013;PROVINSI DKI JAKARTA;JAKARTA BARAT;PALMERAH;KOTA BAMBU SELATAN;0,61;41082;1967;1141;1067;2208;1337;1282;2619;1188;1135;2323;1095;974;2069;917;780;1697;672;618
2013;PROVINSI DKI JAKARTA;JAKARTA BARAT;KEMBANGAN;KEMBANGAN UTARA;3,65;15703;4531;2734;2793;5527;3092;2903;5995;2763;2693;5456;2440;2192;4632;1919;1859;3778;1517;1385
2013;PROVINSI DKI JAKARTA;JAKARTA BARAT;KEMBANGAN;MERUYA UTARA;4,76;9608;3545;2226;2193;4419;2633;2619;5252;2156;2142;4298;2010;1730;3740;1496;1339;2835;1087;1153
2013;PROVINSI DKI JAKARTA;JAKARTA BARAT;KEMBANGAN;MERUYA SELATAN;2,85;11142;2471;1427;1501;2928;1605;1701;3306;1535;1484;3019;1380;1270;2650;1056;966;2022;790;840
2013;PROVINSI DKI JAKARTA;JAKARTA BARAT;KEMBANGAN;SRENGSENG;4,92;9446;3761;2109;2109;4218;2364;2404;4768;2270;2224;4494;1946;1782;3728;1576;1435;3011;1198;1181
2013;PROVINSI DKI JAKARTA;JAKARTA BARAT;KEMBANGAN;JOGLO;4,86;8812;3226;1840;1955;3795;2308;2369;4677;1988;1951;3939;1772;1646;3418;1427;1331;2758;1026;1124
2013;PROVINSI DKI JAKARTA;JAKARTA BARAT;KEMBANGAN;KEMBANGAN SELATAN;3,6;7866;2439;1360;1418;2778;1401;1509;2910;1306;1165;2471;1098;1028;2126;940;936;1876;811;852
2013;PROVINSI DKI JAKARTA;JAKARTA SELATAN;TEBET;TEBET TIMUR;1,39;14544;838;890;948;1004;911;943;713;728;532;514;342;367;198;301;184;259;189;288
2013;PROVINSI DKI JAKARTA;JAKARTA SELATAN;TEBET;TEBET BARAT;1,72;14080;1060;1058;1086;1159;1093;1024;837;851;536;610;431;453;230;312;211;265;209;268
2013;PROVINSI DKI JAKARTA;JAKARTA SELATAN;TEBET;MENTENG DALAM;2,58;16355;2029;1913;1958;1841;1623;1572;1216;1205;884;853;614;629;314;378;241;300;206;216
2013;PROVINSI DKI JAKARTA;JAKARTA SELATAN;TEBET;KEBON BARU;1,3;31580;2004;1988;1901;1774;1470;1347;1087;1134;839;935;619;648;375;441;259;330;204;270
2013;PROVINSI DKI JAKARTA;JAKARTA SELATAN;TEBET;BUKIT DURI;1,08;38906;1880;1801;1805;1712;1598;1553;1305;1258;982;1002;670;654;348;421;254;335;223;322
2013;PROVINSI DKI JAKARTA;JAKARTA SELATAN;TEBET;MANGGARAI SELATAN;0,51;52659;1239;1289;1238;1198;1080;1007;790;757;607;634;361;414;212;288;218;229;127;178
2013;PROVINSI DKI JAKARTA;JAKARTA SELATAN;TEBET;MANGGARAI;0,95;36246;1545;1479;1483;1402;1346;1267;999;1039;823;828;538;508;297;298;175;274;188;244
2013;PROVINSI DKI JAKARTA;JAKARTA SELATAN;SETIA BUDI;SETIA BUDI;0,94;3852;168;179;147;170;156;153;115;117;84;74;59;54;23;43;24;29;38;32
2013;PROVINSI DKI JAKARTA;JAKARTA SELATAN;SETIA BUDI;KARET SEMANGGI;0,9;3202;126;134;144;132;103;100;83;94;79;65;46;59;34;34;29;27;18;32
2013;PROVINSI DKI JAKARTA;JAKARTA SELATAN;SETIA BUDI;KARET KUNINGAN;1,79;10414;879;883;794;751;688;654;548;567;444;427;295;238;119;137;86;153;92;105
2013;PROVINSI DKI JAKARTA;JAKARTA SELATAN;SETIA BUDI;KARET;0,94;12948;603;557;599;593;555;467;364;346;288;262;145;199;107;130;81;115;64;96
2013;PROVINSI DKI JAKARTA;JAKARTA SELATAN;SETIA BUDI;MENTENG ATAS;0,9;35511;1504;1523;1505;1442;1206;1160;967;948;664;728;440;470;247;331;212;249;151;191
2013;PROVINSI DKI JAKARTA;JAKARTA SELATAN;SETIA BUDI;PASAR MANGGIS;0,78;40395;1445;1437;1354;1246;1168;1088;921;893;682;725;479;444;236;248;136;217;107;157
2013;PROVINSI DKI JAKARTA;JAKARTA SELATAN;SETIA BUDI;GUNTUR;0,65;7174;208;206;186;192;181;205;168;152;140;157;114;115;62;78;55;45;37;84
2013;PROVINSI DKI JAKARTA;JAKARTA SELATAN;SETIA BUDI;KUNINGAN TIMUR;2,15;3335;328;304;337;326;272;231;212;190;161;133;98;98;58;71;53;45;56;47
2013;PROVINSI DKI JAKARTA;JAKARTA SELATAN;MAMPANG PRAPATAN;MAMPANG PRAPATAN;0,78;27765;1101;976;979;935;814;692;582;589;420;396;276;241;157;193;125;137;84;75
2013;PROVINSI DKI JAKARTA;JAKARTA SELATAN;MAMPANG PRAPATAN;BANGKA;3,3;7351;1119;1098;1068;1020;951;905;719;713;566;469;288;250;151;178;101;115;98;110
2013;PROVINSI DKI JAKARTA;JAKARTA SELATAN;MAMPANG PRAPATAN;PELA MAMPANG;1,62;30940;2458;2321;2366;2152;1935;1795;1440;1422;1089;1042;694;676;408;422;291;277;197;238
2013;PROVINSI DKI JAKARTA;JAKARTA SELATAN;MAMPANG PRAPATAN;TEGAL PARANG;1,06;34830;1826;1683;1614;1449;1333;1161;984;897;694;677;448;439;232;275;168;133;99;119
2013;PROVINSI DKI JAKARTA;JAKARTA SELATAN;MAMPANG PRAPATAN;KUNINGAN BARAT;0,98;15120;727;656;713;611;622;479;426;390;318;286;212;211;126;102;63;72;49;31
2013;PROVINSI DKI JAKARTA;JAKARTA SELATAN;PASAR MINGGU;PASAR MINGGU;2,79;9965;1296;1288;1198;1269;1087;1026;791;783;542;548;375;467;279;365;283;249;201;208
2013;PROVINSI DKI JAKARTA;JAKARTA SELATAN;PASAR MINGGU;JATI PADANG;2,5;16524;2023;1910;1770;1715;1393;1392;1135;1168;819;852;609;588;317;352;253;253;183;219
2013;PROVINSI DKI JAKARTA;JAKARTA SELATAN;PASAR MINGGU;CILANDAK TIMUR;3,53;8075;1398;1389;1261;1142;1011;879;716;696;516;461;290;333;189;201;137;103;78;81
2013;PROVINSI DKI JAKARTA;JAKARTA SELATAN;PASAR MINGGU;RAGUNAN;5,05;8681;2284;2160;2011;1854;1614;1556;1111;1195;882;902;597;613;381;383;294;273;169;189
2013;PROVINSI DKI JAKARTA;JAKARTA SELATAN;PASAR MINGGU;PEJATEN TIMUR;2,88;22624;3168;2919;2848;2685;2317;2103;1687;1686;1213;1250;883;783;453;512;339;330;191;245
2013;PROVINSI DKI JAKARTA;JAKARTA SELATAN;PASAR MINGGU;PEJATEN BARAT;2,9;14338;1963;1894;1825;1711;1575;1479;1150;1141;829;888;562;548;357;373;272;258;182;194
2013;PROVINSI DKI JAKARTA;JAKARTA SELATAN;PASAR MINGGU;KEBAGUSAN;2,26;20705;2300;2193;1928;1808;1576;1454;1186;1242;914;899;588;492;318;272;183;176;122;114
2013;PROVINSI DKI JAKARTA;JAKARTA SELATAN;KEBAYORAN LAMA;KEBAYORAN LAMA UTARA;1,78;27853;2638;2396;2289;2012;1782;1574;1355;1299;957;979;720;662;423;399;259;252;161;190
2013;PROVINSI DKI JAKARTA;JAKARTA SELATAN;KEBAYORAN LAMA;PONDOK PINANG;6,84;8897;2770;2765;2649;2499;2134;2134;1699;1756;1296;1445;989;1023;667;655;461;410;382;427
2013;PROVINSI DKI JAKARTA;JAKARTA SELATAN;KEBAYORAN LAMA;CIPULIR;1,94;22494;2191;2109;2020;1873;1630;1455;1211;1197;909;821;565;587;357;395;265;217;158;157
2013;PROVINSI DKI JAKARTA;JAKARTA SELATAN;KEBAYORAN LAMA;GROGOL UTARA;3,33;14342;2266;2227;2187;2071;1837;1727;1416;1293;1018;889;655;630;372;427;274;320;209;226
2013;PROVINSI DKI JAKARTA;JAKARTA SELATAN;KEBAYORAN LAMA;GROGOL SELATAN;2,85;17009;2309;2266;2229;2124;1886;1692;1471;1313;1056;1013;641;638;361;418;294;263;182;214
2013;PROVINSI DKI JAKARTA;JAKARTA SELATAN;KEBAYORAN LAMA;KEBAYORAN LAMA SELATAN;2,57;17598;2316;2252;2193;2004;1726;1529;1254;1303;941;942;697;717;437;509;356;260;179;179
2013;PROVINSI DKI JAKARTA;JAKARTA SELATAN;CILANDAK;CILANDAK BARAT;6,05;9546;2700;2678;2716;2641;2300;2156;1706;1631;1230;1256;825;843;498;528;372;412;353;386
2013;PROVINSI DKI JAKARTA;JAKARTA SELATAN;CILANDAK;LEBAK BULUS;4,41;8840;1823;1852;1719;1632;1404;1307;1108;1211;872;855;657;580;360;330;233;262;235;253
2013;PROVINSI DKI JAKARTA;JAKARTA SELATAN;CILANDAK;PONDOK LABU;3,61;13349;2261;2436;2254;2130;1888;1657;1286;1266;935;943;668;613;395;517;381;329;242;230
2013;PROVINSI DKI JAKARTA;JAKARTA SELATAN;CILANDAK;GANDARIA SELATAN;1,76;13816;1145;1165;1105;1070;963;880;775;686;495;470;310;309;180;216;144;184;132;176
2013;PROVINSI DKI JAKARTA;JAKARTA SELATAN;CILANDAK;CIPETE SELATAN;2,37;12751;1387;1331;1334;1333;1205;1145;986;913;612;589;403;365;240;277;162;192;163;199
2013;PROVINSI DKI JAKARTA;JAKARTA SELATAN;KEBAYORAN BARU;MELAWAI;1,26;2528;116;127;120;133;148;139;134;119;100;106;74;64;37;43;26;33;49;79
2013;PROVINSI DKI JAKARTA;JAKARTA SELATAN;KEBAYORAN BARU;GUNUNG;1,32;8043;423;442;441;470;498;445;360;324;288;283;175;173;120;121;81;98;106;150
2013;PROVINSI DKI JAKARTA;JAKARTA SELATAN;KEBAYORAN BARU;KRAMAT PELA;1,23;12872;706;660;616;672;670;603;523;476;391;375;246;227;133;137;93;112;97;129
2013;PROVINSI DKI JAKARTA;JAKARTA SELATAN;KEBAYORAN BARU;SELONG;1,4;3014;178;188;181;195;193;189;162;154;104;120;82;91;45;51;38;49;72;94
2013;PROVINSI DKI JAKARTA;JAKARTA SELATAN;KEBAYORAN BARU;RAWA BARAT;0,69;9778;274;272;261;273;291;317;249;265;181;196;120;149;83;87;48;70;60;125
2013;PROVINSI DKI JAKARTA;JAKARTA SELATAN;KEBAYORAN BARU;SENAYAN;1,53;2856;176;192;224;195;173;164;156;128;109;104;68;77;43;33;30;38;37;49
2013;PROVINSI DKI JAKARTA;JAKARTA SELATAN;KEBAYORAN BARU;PULO;1,27;5408;256;295;289;305;267;322;272;291;220;214;141;140;67;88;49;66;45;102
2013;PROVINSI DKI JAKARTA;JAKARTA SELATAN;KEBAYORAN BARU;PETOGOGAN;0,86;15895;621;562;655;560;561;494;448;411;342;324;233;225;108;162;82;112;95;131
2013;PROVINSI DKI JAKARTA;JAKARTA SELATAN;KEBAYORAN BARU;GANDARIA UTARA;1,52;29247;2056;2108;2081;2038;1812;1699;1344;1192;1012;1042;644;710;416;477;301;325;236;274
2013;PROVINSI DKI JAKARTA;JAKARTA SELATAN;KEBAYORAN BARU;CIPETE UTARA;1,83;20664;1907;1758;1732;1607;1476;1257;1075;995;754;683;506;477;270;292;222;210;132;157
2013;PROVINSI DKI JAKARTA;JAKARTA SELATAN;PANCORAN;PANCORAN;1,24;17127;1026;1049;959;856;730;672;519;546;450;470;307;287;189;170;109;96;77;78
2013;PROVINSI DKI JAKARTA;JAKARTA SELATAN;PANCORAN;KALIBATA;2,2;21353;2300;2242;2234;1934;1647;1554;1152;1188;893;954;625;608;410;457;305;269;196;209
2013;PROVINSI DKI JAKARTA;JAKARTA SELATAN;PANCORAN;RAWA JATI;0,67;29915;990;985;970;902;786;683;517;527;400;439;294;309;174;200;154;126;69;80
2013;PROVINSI DKI JAKARTA;JAKARTA SELATAN;PANCORAN;DUREN TIGA;2,45;12987;1540;1460;1497;1434;1265;1120;926;862;646;563;386;438;261;323;215;231;157;170
2013;PROVINSI DKI JAKARTA;JAKARTA SELATAN;PANCORAN;PENGADEGAN;0,95;24076;1140;1041;1046;1020;880;842;661;659;478;484;368;319;203;214;131;146;105;122
2013;PROVINSI DKI JAKARTA;JAKARTA SELATAN;PANCORAN;CIKOKO;0,72;17661;698;595;578;544;450;427;346;372;259;272;207;192;121;123;72;68;44;65
2013;PROVINSI DKI JAKARTA;JAKARTA SELATAN;JAGAKARSA;JAGAKARSA;4,85;12940;3050;2964;2724;2626;2218;2013;1675;1695;1273;1249;811;683;431;425;275;240;169;201
2013;PROVINSI DKI JAKARTA;JAKARTA SELATAN;JAGAKARSA;SRENGSENG SAWAH;6,75;8912;2783;2874;2710;2587;2227;2034;1515;1460;1107;1139;780;762;417;556;431;289;213;231
2013;PROVINSI DKI JAKARTA;JAKARTA SELATAN;JAGAKARSA;CIGANJUR;3,61;10334;1859;1817;1690;1528;1353;1171;967;919;730;647;478;380;236;233;155;129;100;98
2013;PROVINSI DKI JAKARTA;JAKARTA SELATAN;JAGAKARSA;LENTENG AGUNG;2,28;24703;2617;2596;2339;2219;1885;1849;1452;1478;1127;1191;875;729;418;387;268;223;140;200
2013;PROVINSI DKI JAKARTA;JAKARTA SELATAN;JAGAKARSA;TANJUNG BARAT;3,65;11460;2017;2022;1826;1683;1433;1315;1072;1107;802;824;599;502;281;327;237;213;127;135
2013;PROVINSI DKI JAKARTA;JAKARTA SELATAN;JAGAKARSA;CIPEDAK;4,24;8473;1708;1774;1567;1468;1302;1123;966;927;750;656;422;343;211;190;139;131;103;123
2013;PROVINSI DKI JAKARTA;JAKARTA SELATAN;PESANGGRAHAN;PESANGGRAHAN;2,1;13859;1499;1484;1270;1232;1032;941;684;672;540;611;413;467;281;290;216;146;100;108
2013;PROVINSI DKI JAKARTA;JAKARTA SELATAN;PESANGGRAHAN;BINTARO;4,56;11808;2675;2616;2525;2311;2078;1792;1516;1440;1094;1135;808;749;433;454;324;316;207;266
2013;PROVINSI DKI JAKARTA;JAKARTA SELATAN;PESANGGRAHAN;PETUKANGAN UTARA;2,99;19001;2787;2791;2451;2240;1926;1783;1405;1436;1151;1267;862;807;490;425;290;233;159;173
2013;PROVINSI DKI JAKARTA;JAKARTA SELATAN;PESANGGRAHAN;PETUKANGAN SELATAN;2,11;18260;1836;1727;1584;1526;1297;1244;1055;1048;844;858;555;516;314;303;188;188;106;162
2013;PROVINSI DKI JAKARTA;JAKARTA SELATAN;PESANGGRAHAN;ULUJAMI;1,71;26161;2304;2186;2047;1826;1533;1377;1181;1146;840;848;631;542;371;333;241;213;138;136
2013;PROVINSI DKI JAKARTA;JAKARTA TIMUR;MATRAMAN;PISANGAN BARU;0,68;54913;1759;1638;1662;1583;1434;1393;1149;1074;837;848;575;556;280;378;231;270;161;257
2013;PROVINSI DKI JAKARTA;JAKARTA TIMUR;MATRAMAN;UTAN KAYU UTARA;1,05;31694;1606;1542;1572;1418;1290;1185;981;938;717;711;479;500;266;333;197;214;143;202
2013;PROVINSI DKI JAKARTA;JAKARTA TIMUR;MATRAMAN;KAYU MANIS;0,57;52740;1377;1336;1271;1337;1173;1144;868;899;676;690;450;450;249;276;172;219;111;185
2013;PROVINSI DKI JAKARTA;JAKARTA TIMUR;MATRAMAN;PAL MERIAM;0,65;36818;1101;1061;1061;1001;934;879;790;722;577;563;351;398;181;240;151;169;131;204
2013;PROVINSI DKI JAKARTA;JAKARTA TIMUR;MATRAMAN;KEBON MANGGIS;0,78;25601;840;873;928;862;822;836;676;661;471;498;307;341;183;251;155;175;92;180
2013;PROVINSI DKI JAKARTA;JAKARTA TIMUR;MATRAMAN;UTAN KAYU SELATAN;1,12;34434;1820;1810;1727;1699;1523;1475;1192;1185;864;870;576;641;369;434;280;332;230;252
2013;PROVINSI DKI JAKARTA;JAKARTA TIMUR;PULO GADUNG;PULO GADUNG;1,29;30260;1998;1836;1788;1596;1477;1338;1143;1019;748;703;519;506;303;335;205;203;172;182
2013;PROVINSI DKI JAKARTA;JAKARTA TIMUR;PULO GADUNG;PISANGAN TIMUR;1,8;26931;2249;2200;2193;2063;1834;1771;1467;1357;1032;1066;705;709;362;421;285;312;196;340
2013;PROVINSI DKI JAKARTA;JAKARTA TIMUR;PULO GADUNG;CIPINANG;1,54;29756;2192;2124;2129;2151;1745;1747;1384;1321;948;929;549;661;417;563;357;351;246;273
2013;PROVINSI DKI JAKARTA;JAKARTA TIMUR;PULO GADUNG;JATINEGARA KAUM;1,23;21792;1278;1190;1205;1141;970;859;780;712;522;503;317;324;197;169;116;101;75;91
2013;PROVINSI DKI JAKARTA;JAKARTA TIMUR;PULO GADUNG;RAWAMANGUN;2,6;16963;2054;2057;2049;1984;1746;1660;1231;1250;941;946;588;639;409;540;335;364;289;362
2013;PROVINSI DKI JAKARTA;JAKARTA TIMUR;PULO GADUNG;KAYU PUTIH;4,37;11179;2361;2418;2245;2253;1810;1760;1273;1270;923;1015;714;831;539;637;423;420;299;319
2013;PROVINSI DKI JAKARTA;JAKARTA TIMUR;PULO GADUNG;JATI;2,15;17270;1764;1797;1826;1725;1375;1436;1112;1045;789;860;584;675;422;572;363;364;288;334
2013;PROVINSI DKI JAKARTA;JAKARTA TIMUR;JATINEGARA;KAMPUNG MELAYU;0,48;63973;1361;1154;1236;1050;1016;1029;864;848;694;601;436;409;205;294;151;173;121;159
2013;PROVINSI DKI JAKARTA;JAKARTA TIMUR;JATINEGARA;BIDARA CINA;1,26;35493;2105;2064;1952;1824;1727;1629;1328;1325;974;1048;628;697;332;420;262;324;204;320
2013;PROVINSI DKI JAKARTA;JAKARTA TIMUR;JATINEGARA;BALI MESTER;0,67;17304;444;466;462;458;486;480;446;374;333;347;247;228;139;142;88;109;95;138
2013;PROVINSI DKI JAKARTA;JAKARTA TIMUR;JATINEGARA;RAWA BUNGA;0,88;28478;1131;1008;1034;1021;903;842;716;730;619;604;387;380;193;257;143;201;135;161
2013;PROVINSI DKI JAKARTA;JAKARTA TIMUR;JATINEGARA;CIPINANG CEMPEDAK;1,67;22917;1614;1758;1704;1670;1567;1559;1200;1253;934;963;662;683;366;495;285;376;277;418
2013;PROVINSI DKI JAKARTA;JAKARTA TIMUR;JATINEGARA;CIPINANG MUARA;2,9;21525;3063;2953;2693;2469;1999;1951;1642;1721;1362;1454;1056;1046;700;653;486;423;319;299
2013;PROVINSI DKI JAKARTA;JAKARTA TIMUR;JATINEGARA;CIPINANG BESAR SELATAN;1,63;23417;1875;1682;1649;1556;1303;1218;988;952;782;780;533;503;307;337;225;220;138;172
2013;PROVINSI DKI JAKARTA;JAKARTA TIMUR;JATINEGARA;CIPINANG BESAR UTARA;1,15;48850;2704;2409;2344;2180;1856;1784;1480;1463;1170;1126;742;765;403;441;307;350;228;247
2013;PROVINSI DKI JAKARTA;JAKARTA TIMUR;KRAMAT JATI;KRAMAT JATI;1,52;25801;1946;1799;1742;1601;1411;1435;1146;1105;848;811;473;483;257;336;224;218;136;243
2013;PROVINSI DKI JAKARTA;JAKARTA TIMUR;KRAMAT JATI;KAMPUNG TENGAH;2,03;24281;2224;2135;1986;1780;1718;1673;1303;1267;922;957;645;585;338;331;228;197;127;184
2013;PROVINSI DKI JAKARTA;JAKARTA TIMUR;KRAMAT JATI;DUKUH;1,98;13402;1277;1210;1109;1036;891;861;720;682;518;576;356;305;189;174;138;115;72;112
2013;PROVINSI DKI JAKARTA;JAKARTA TIMUR;KRAMAT JATI;BATU AMPAR;2,55;19983;2480;2417;2223;2125;1760;1657;1284;1295;1019;1041;793;632;394;363;238;242;143;166
2013;PROVINSI DKI JAKARTA;JAKARTA TIMUR;KRAMAT JATI;BALE KAMBANG;1,67;18012;1413;1425;1292;1260;1036;974;766;763;677;609;418;381;221;187;123;119;72;111
2013;PROVINSI DKI JAKARTA;JAKARTA TIMUR;KRAMAT JATI;CILILITAN;1,8;26094;2265;2141;2053;1910;1658;1658;1273;1265;983;1026;687;711;376;449;279;265;174;244
2013;PROVINSI DKI JAKARTA;JAKARTA TIMUR;KRAMAT JATI;CAWANG;1,79;21827;1942;1800;1760;1586;1415;1289;1085;1146;858;794;557;517;282;361;211;228;154;204
2013;PROVINSI DKI JAKARTA;JAKARTA TIMUR;PASAR REBO;GEDONG;2,65;14684;1823;1804;1648;1652;1440;1248;1085;1068;761;810;593;590;302;284;230;212;136;206
2013;PROVINSI DKI JAKARTA;JAKARTA TIMUR;PASAR REBO;BARU;1,89;14133;1678;1341;1200;1042;738;860;769;582;443;389;228;228;138;142;104;70;44;59
2013;PROVINSI DKI JAKARTA;JAKARTA TIMUR;PASAR REBO;CIJANTUNG;2,37;18589;2107;1998;1826;1835;1566;1525;1226;1190;947;967;688;512;328;286;184;161;120;136
2013;PROVINSI DKI JAKARTA;JAKARTA TIMUR;PASAR REBO;KALISARI;2,89;15517;2006;1951;1859;1767;1512;1583;1295;1311;1075;811;590;505;267;271;193;154;98;128
2013;PROVINSI DKI JAKARTA;JAKARTA TIMUR;PASAR REBO;PEKAYON;3,14;14600;2139;2060;1854;1753;1538;1465;1213;1204;1017;916;574;476;269;243;168;132;91;139
2013;PROVINSI DKI JAKARTA;JAKARTA TIMUR;CAKUNG;JATINEGARA;6,6;14709;5035;4775;4480;3883;3304;2804;2324;2110;1561;1288;955;639;384;375;248;245;159;181
2013;PROVINSI DKI JAKARTA;JAKARTA TIMUR;CAKUNG;RAWA TERATE;4,1;7387;1565;1417;1394;1136;1021;857;776;680;595;438;322;214;122;86;71;86;61;67
2013;PROVINSI DKI JAKARTA;JAKARTA TIMUR;CAKUNG;PENGGILINGAN;4,48;22483;4651;4385;4106;3805;3289;2953;2397;2565;2063;1920;1365;991;606;446;339;260;192;208
2013;PROVINSI DKI JAKARTA;JAKARTA TIMUR;CAKUNG;CAKUNG TIMUR;9,81;6464;3053;2953;2637;2422;2014;1851;1485;1504;1252;1129;832;558;339;269;183;168;102;97
2013;PROVINSI DKI JAKARTA;JAKARTA TIMUR;CAKUNG;PULO GEBANG;6,86;13716;4162;4030;3755;3600;3011;2968;2454;2595;2134;1992;1476;1170;645;507;423;280;195;232
2013;PROVINSI DKI JAKARTA;JAKARTA TIMUR;CAKUNG;UJUNG MENTENG;4,43;6972;1420;1441;1345;1289;1084;1000;842;804;631;586;388;300;194;181;114;91;63;70
2013;PROVINSI DKI JAKARTA;JAKARTA TIMUR;CAKUNG;CAKUNG BARAT;6,19;10030;3285;3275;2790;2455;1908;1592;1242;1142;917;821;543;406;253;218;139;138;98;97
2013;PROVINSI DKI JAKARTA;JAKARTA TIMUR;DUREN SAWIT;DUREN SAWIT;4,58;14100;3210;3055;2723;2620;2119;2138;1718;1726;1383;1480;1077;1069;646;625;428;352;235;268
2013;PROVINSI DKI JAKARTA;JAKARTA TIMUR;DUREN SAWIT;PONDOK BAMBU;5;13285;3427;3122;2932;2734;2276;2074;1757;1711;1338;1560;1145;997;675;625;414;327;234;245
2013;PROVINSI DKI JAKARTA;JAKARTA TIMUR;DUREN SAWIT;KLENDER;3,08;25456;3896;3569;3349;2950;2538;2463;1946;1965;1636;1620;1127;1050;657;561;443;401;200;278
2013;PROVINSI DKI JAKARTA;JAKARTA TIMUR;DUREN SAWIT;PONDOK KELAPA;5,72;12673;3467;3356;3037;2894;2376;2331;1867;2106;1690;1783;1363;1157;735;605;458;344;221;299
2013;PROVINSI DKI JAKARTA;JAKARTA TIMUR;DUREN SAWIT;MALAKA SARI;1,38;23592;1682;1703;1542;1493;1124;1074;747;874;647;847;527;755;495;471;370;280;178;161
2013;PROVINSI DKI JAKARTA;JAKARTA TIMUR;DUREN SAWIT;MALAKA JAYA;0,99;36535;1949;1984;1854;1714;1270;1162;784;899;611;840;496;818;531;583;441;326;197;213
2013;PROVINSI DKI JAKARTA;JAKARTA TIMUR;DUREN SAWIT;PONDOK KOPI;2,06;18136;1611;1604;1461;1433;1220;1255;976;1021;868;907;629;592;329;270;184;167;102;123
2013;PROVINSI DKI JAKARTA;JAKARTA TIMUR;MAKASAR;MAKASAR;1,85;20695;1888;1815;1576;1522;1286;1276;1036;1109;866;879;632;574;337;284;211;176;111;146
2013;PROVINSI DKI JAKARTA;JAKARTA TIMUR;MAKASAR;PINANG RANTI;1,89;14793;1299;1284;1168;1141;974;901;698;713;588;530;383;316;170;164;116;95;55;66
2013;PROVINSI DKI JAKARTA;JAKARTA TIMUR;MAKASAR;KEBON PALA;2,3;22647;2689;2502;2296;2192;1870;1659;1396;1373;1017;1108;812;723;427;377;264;217;160;156
2013;PROVINSI DKI JAKARTA;JAKARTA TIMUR;MAKASAR;HALIM PERDANA KUSUMAH;13,07;2546;1479;1576;1705;1630;1327;1312;1088;872;642;461;275;284;156;177;115;89;55;63
2013;PROVINSI DKI JAKARTA;JAKARTA TIMUR;MAKASAR;CIPINANG MELAYU;2,53;18551;2208;2104;2035;1876;1652;1693;1323;1423;1106;1095;750;701;424;392;306;267;216;227
2013;PROVINSI DKI JAKARTA;JAKARTA TIMUR;CIRACAS;CIRACAS;3,93;17648;3179;3085;2851;2785;2423;2358;1934;1939;1468;1511;1033;714;413;330;203;207;117;147
2013;PROVINSI DKI JAKARTA;JAKARTA TIMUR;CIRACAS;CIBUBUR;4,5;15686;3311;3175;2982;2861;2471;2424;1915;1947;1497;1564;1033;972;560;522;453;294;185;250
2013;PROVINSI DKI JAKARTA;JAKARTA TIMUR;CIRACAS;KELAPA DUA WETAN;3,37;14203;2185;2177;1927;1818;1586;1559;1216;1408;1149;1152;787;606;328;315;221;163;116;153
2013;PROVINSI DKI JAKARTA;JAKARTA TIMUR;CIRACAS;SUSUKAN;2,19;19019;1988;1846;1807;1564;1493;1286;1074;1067;828;816;606;481;258;263;178;128;83;104
2013;PROVINSI DKI JAKARTA;JAKARTA TIMUR;CIRACAS;RAMBUTAN;2,09;19324;1857;1849;1729;1567;1369;1277;1087;989;782;807;539;493;301;233;164;119;103;120
2013;PROVINSI DKI JAKARTA;JAKARTA TIMUR;CIPAYUNG;CIPAYUNG;3,08;8441;1241;1172;1029;1037;961;894;696;702;539;469;374;278;164;177;112;101;61;110
2013;PROVINSI DKI JAKARTA;JAKARTA TIMUR;CIPAYUNG;CILANGKAP;6,03;4396;1237;1276;1195;1114;978;900;676;587;452;397;267;235;161;133;77;90;52;62
2013;PROVINSI DKI JAKARTA;JAKARTA TIMUR;CIPAYUNG;PONDOK RANGGON;3,66;6772;1088;1064;969;945;920;846;713;607;453;391;271;227;131;109;80;105;42;82
2013;PROVINSI DKI JAKARTA;JAKARTA TIMUR;CIPAYUNG;MUNJUL;1,9;12734;1167;1112;1026;977;839;800;668;622;482;482;302;291;173;137;118;94;52;51
2013;PROVINSI DKI JAKARTA;JAKARTA TIMUR;CIPAYUNG;SETU;3,25;6028;937;928;857;824;705;640;512;471;392;354;254;211;124;115;64;83;59;64
2013;PROVINSI DKI JAKARTA;JAKARTA TIMUR;CIPAYUNG;BAMBU APUS;3,17;8400;1242;1187;1062;1063;984;917;731;841;596;476;377;250;169;179;108;96;70;84
2013;PROVINSI DKI JAKARTA;JAKARTA TIMUR;CIPAYUNG;LUBANG BUAYA;3,72;18055;3258;2988;2732;2660;2311;2222;1766;1788;1376;1308;959;739;393;385;293;291;160;165
2013;PROVINSI DKI JAKARTA;JAKARTA TIMUR;CIPAYUNG;CEGER;3,63;5492;1007;930;874;804;701;652;493;503;416;390;279;214;110;153;101;53;45;44
